book_id,pub_id,title,author,genre,price,date_publ,is_available,book_copy_qty
1,11,Caught,Drucy Adan,Drama,5964,2001-08-14 19:01:44,0,18
2,9,Sam Peckinpah: Man of Iron,Crysta Garretts,Satire,6178,2001-04-17 16:09:38,1,4
3,27,"Day in the Life, A",Von Konzel,Crime,19484,2019-10-23 01:20:12,0,19
4,4,Beautiful Creatures,Vivie Absalom,Mystery,5742,1989-05-13 12:48:39,1,23
5,8,A Flintstones Christmas Carol,Josias Kissack,Classic,3834,1991-06-12 11:05:28,0,13
6,39,Iron Island (Jazireh Ahani),Kerianne Stoter,Romance,17449,1997-08-22 20:34:16,1,8
7,24,Omar Killed Me (Omar m'a tuer),Hill Riggulsford,Science fiction,13897,2012-03-28 10:16:28,1,12
8,48,"Secret Garden, The",Tiphanie Giraudel,Mystery,4516,1991-05-10 20:35:56,0,28
9,14,Courier,Julianna Leuty,Classic,13681,1978-03-13 14:56:59,1,16
10,36,Fearful Symmetry: The Making of 'To Kill a Mockingbird',Jakie Huie,Satire,14373,1987-04-19 04:26:26,0,23
11,36,Costa Brava,Cassandry Osgordby,Classic,1268,2013-09-25 09:04:21,1,29
12,1,Book of Shadows: Blair Witch 2,Chico Hark,Drama,1790,2001-05-27 07:51:42,1,4
13,39,Spawn,Candie Backhurst,Fantasy,17534,2018-08-30 04:47:28,0,30
14,17,"Me, Myself & Irene",Jakie Huie,Satire,19192,2007-01-14 23:10:07,0,7
15,45,Made,Jaquenetta Friese,Fantasy,12362,2011-03-13 21:05:08,1,16
16,21,"Octagon, The",Aubrette Budge,Satire,10256,2010-10-10 09:29:34,1,13
17,18,Fresh Bait (L'appât) ,Jerrilee Edwicke,Classic,4197,2012-04-16 07:17:49,0,26
18,36,12:01,Jyoti Steaning,Crime,14907,1975-09-09 10:20:28,1,4
19,39,"War Game, The",Jyoti Steaning,Humor,709,1978-12-17 00:01:17,1,1
20,36,Stage Fright (Deliria),Merl Halsey,Fantasy,9886,2010-12-24 01:59:38,1,16
21,23,Jumbo (Billy Rose's Jumbo),Orel Alenikov,Satire,14826,1992-04-21 08:05:50,1,22
22,2,Sitting Pretty,Hill Riggulsford,Thriller,9527,1971-11-23 01:08:39,1,12
23,10,Garfield: The Movie,Reeta Skahill,Fairytale,8824,1974-02-15 03:34:44,1,1
24,4,Chronicle of the Years of Fire (Chronique des années de braise),Reeta Skahill,Fairytale,13912,2016-11-08 17:44:29,1,9
25,25,Party Monster,Romona Stitfall,Classic,6595,2012-02-16 01:06:56,1,16
26,26,Little Nicholas (Le petit Nicolas),Tiphanie Giraudel,Classic,16790,2000-07-28 15:26:35,0,11
27,47,Snow Cake,Tiphanie Giraudel,Horror,14638,1994-01-06 02:07:17,1,22
28,20,The Cobbler,Jerrilee Edwicke,Mystery,6945,1986-03-07 11:29:34,0,21
29,38,"Jungle Book, The",Reeta Skahill,Young adult,5420,2010-03-27 12:20:34,0,16
30,7,Wake of Death,Aurel Keems,Thriller,3114,2016-01-07 02:42:06,0,8
31,27,"Incredible Hulk, The",Sonny McVitie,Fantasy,2886,1991-09-27 19:52:23,1,8
32,46,Innocence,Nikoletta Grimster,Satire,18571,1971-07-07 03:31:21,1,27
33,50,David et Madame Hansen,Clo Rosnau,Fantasy,15268,1978-11-24 19:20:25,0,3
34,20,Camouflage (Barwy ochronne),Auroora Peters,Humor,962,1975-12-11 13:12:27,0,12
35,37,Miss Meadows,Everard Aasaf,Drama,13002,1977-07-11 17:14:03,1,10
36,39,"True Meaning of Christmas Specials, The",Josias Kissack,Romance,15468,2012-06-14 14:07:10,1,15
37,4,My Way to Olympia (Mein Weg nach Olympia),Isabel Fausch,Mystery,10056,1999-11-30 07:47:17,0,26
38,15,Ole dole doff,Candie Backhurst,Young adult,6235,1993-08-02 22:31:13,0,27
39,33,Manon of the Spring,Romona Stitfall,Action(adventure),7830,2011-11-20 16:24:57,1,1
40,20,Van Gogh,Jakie Huie,Philosophy,19597,2007-03-31 02:10:07,0,25
41,42,"Challenger Disaster, The",Waldemar Milbourne,History,2160,2008-03-23 20:47:29,0,13
42,9,"Little Drummer Boy, The",Crysta Garretts,Classic,5285,2015-04-22 05:12:12,1,17
43,27,Belle,Cristen Manby,Fairytale,19362,2012-08-15 00:24:05,1,13
44,44,American Heist,Harriott Enderby,Young adult,17353,2007-04-24 01:54:54,0,2
45,32,Crossing the Bridge: The Sound of Istanbul,Iggie Gellately,Romance,3153,2009-05-30 01:53:18,0,11
46,44,10 Rillington Place,Clo Rosnau,Young adult,2400,1999-06-25 01:14:01,0,26
47,30,"Ledge, The",Selig Leatherbarrow,Science fiction,17189,2015-08-20 02:14:55,1,24
48,22,Rumor Has It...,Marcel Sinnett,Drama,16377,1978-08-30 21:11:52,1,2
49,30,"Spanish Earth, The",Clo Rosnau,Humor,14598,2007-10-31 04:10:02,1,2
50,14,"Rain People, The",Jakie Huie,Action(adventure),17301,2006-10-18 07:20:15,1,16
51,30,Buck,Vivia Gannon,Philosophy,12789,1984-01-04 02:58:34,1,30
52,5,Stuck in Love,Iggie Gellately,Fantasy,11391,1993-05-10 09:29:19,0,19
53,35,Anita,Julianna Leuty,Philosophy,15781,1991-05-28 09:33:49,0,18
54,2,Hi-Yo Silver,Aubrette Budge,Poetry,4100,1980-03-02 09:44:03,0,9
55,50,Becket,Clement Gobeau,Science fiction,18620,1991-04-12 07:10:20,1,4
56,50,Hatchet III,Clo Rosnau,Drama,5373,2007-07-10 19:34:20,0,23
57,13,"Mysterious X, The (Sealed Orders) (Det hemmelighedsfulde X)",Auroora Peters,Young adult,4009,2001-07-02 23:33:25,1,27
58,15,Aashiqui 2,Selig Leatherbarrow,Philosophy,8602,1993-02-16 15:21:47,0,21
59,34,"Story of Me, The (O contador de histórias)",Jyoti Steaning,Science fiction,15689,1980-03-30 04:22:02,0,24
60,21,Nicotina,Meaghan Pepye,Horror,19981,1993-07-01 01:37:03,1,18
61,31,"Too Early, Too Late (Trop tôt, trop tard)",Hill Riggulsford,Classic,7129,2017-05-13 21:46:21,0,13
62,36,Love in the Afternoon,Auroora Peters,Drama,4417,1975-04-24 08:02:36,1,25
63,41,Grand Masti,Julianna Leuty,Drama,5864,1997-05-29 07:35:18,0,20
64,8,"Center of the World, The",Frannie Whitehouse,Poetry,9966,1981-04-04 02:19:49,1,2
65,47,Another Woman,Auroora Peters,Humor,5083,1971-10-17 17:29:50,0,8
66,50,Wild Target,Amalie Sket,Drama,3373,2017-06-04 14:04:32,0,6
67,5,Playground,Britteny Gurr,Fantasy,3681,2010-10-29 05:55:44,1,5
68,2,Comme les 5 doigts de la main,Britteny Gurr,Thriller,4582,2020-05-30 05:42:41,1,11
69,16,Incendiary,Waldemar Milbourne,Fantasy,15703,2020-04-06 16:57:36,1,10
70,22,Cabin Fever 2: Spring Fever,Josias Kissack,Action(adventure),6454,1997-08-22 02:28:07,1,11
71,44,Stitch! The Movie,Ceil Briggs,Drama,18024,1997-02-04 09:11:49,1,4
72,9,Deep Rising,Crysta Garretts,Action(adventure),15274,1989-01-26 16:47:57,1,11
73,2,Brave New World,Melonie Di Biagi,Classic,10326,1975-06-12 14:11:03,0,30
74,15,Apt Pupil,Waldemar Milbourne,Fairytale,2518,2000-10-07 20:59:24,0,10
75,9,Appaloosa,Bartlet Gleadle,Philosophy,17924,1978-09-30 21:49:05,1,2
76,6,Tarda estate,Astra Cocozza,Crime,8844,1978-08-15 02:26:21,1,7
77,41,"Story of Maths, The",Aubrette Budge,Romance,9688,2006-09-25 17:11:50,0,1
78,21,"Players, The (Les infidèles)",Britteny Gurr,Young adult,8622,2020-09-26 04:54:24,1,29
79,36,"Secret, The",Marcel Sinnett,Humor,5078,1984-09-22 01:44:55,1,18
80,24,Wanted,Selig Leatherbarrow,Classic,7535,1992-02-04 09:30:01,0,20
81,3,"Quiet American, The",Waldemar Milbourne,Fairytale,7808,1976-10-25 07:51:14,0,24
82,47,"Bling Ring, The",Twyla Teaz,Science fiction,15916,2010-04-24 08:47:03,1,28
83,31,Salt of the Earth,Cristen Manby,Thriller,10077,2005-11-19 07:10:09,0,8
84,4,Perifery (Härmä),Clo Rosnau,Thriller,17378,1985-01-10 03:18:32,0,19
85,24,Absent (Ausente),Orel Alenikov,Classic,1988,2019-06-28 21:40:08,1,25
86,44,"Return of the Pink Panther, The",Yasmeen Di Dello,Young adult,5282,1984-05-14 00:32:56,0,8
87,10,Home Alone 2: Lost in New York,Nathanael Pettecrew,Science fiction,16736,1986-04-22 12:48:09,0,3
88,24,"Great Train Robbery, The",Karola Nevins,Science fiction,13707,1972-06-25 16:29:44,0,9
89,31,Phineas and Ferb the Movie: Across the 2nd Dimension,Kissee O'Scanlon,Classic,18984,1994-12-07 15:28:14,1,15
90,16,Friday Night Lights,Nathanael Pettecrew,Poetry,15630,1989-05-01 06:49:42,0,19
91,29,"Inconvenient Tax, An",Amalie Sket,Philosophy,9451,2019-12-21 23:35:11,1,21
92,11,"Cry, The (Grido, Il)",Gilbert Odd,Fairytale,1599,1984-12-03 21:53:05,1,24
93,32,This Sporting Life,Rogerio Klageman,Philosophy,911,1974-05-27 00:19:33,0,27
94,25,Menace II Society,Reeta Skahill,Mystery,5839,1980-12-24 12:42:45,1,15
95,15,Waterloo Bridge,Clement Gobeau,Philosophy,10127,1976-12-15 15:13:39,1,9
96,9,Don McKay,Vivia Gannon,Action(adventure),16194,1993-04-13 14:45:56,1,29
97,35,Brazil,Delila Plues,Humor,8965,1984-07-17 01:58:02,1,25
98,28,Pulse (Kairo),Kerianne Stoter,Fairytale,12468,1990-07-21 11:45:03,1,14
99,39,Blondie Knows Best,Jaquenetta Friese,Romance,1566,1974-07-24 15:40:46,1,5
100,37,The 39 Steps,Karola Nevins,Drama,18518,1978-04-24 10:35:26,0,2
101,2,Honey Moon (Honigmond),Candie Backhurst,Science fiction,16530,2017-09-08 17:30:01,0,18
102,2,All in a Night's Work,Amalie Sket,Fairytale,11988,2007-09-27 14:37:50,0,11
103,25,Grindhouse,Jerrilee Edwicke,Crime,14368,1983-08-13 21:59:04,1,10
104,35,Vali,Nathanael Pettecrew,History,1153,2002-11-26 21:24:39,0,26
105,4,"Memphis Belle: A Story of a Flying Fortress, The",Melinde Michelmore,Poetry,6909,1996-07-01 16:15:07,1,21
106,14,Unknown White Male,Jerrilee Edwicke,Crime,7494,1978-04-13 21:46:20,0,4
107,35,"Best of Ernie and Bert, The",Vivia Gannon,Humor,2984,1986-07-23 19:50:52,0,3
108,49,"Dead Zone, The",Orel Alenikov,Mystery,7985,1987-07-15 08:38:42,0,27
109,16,Pretty Things,Aurel Keems,Thriller,10913,2015-07-10 08:59:15,1,15
110,17,Diary of a Chambermaid,Iggie Gellately,Thriller,15915,2004-10-08 03:19:13,1,16
111,6,"Price of Forgiveness, The (Ndeysaan)",Astra Cocozza,Humor,17731,1972-07-15 08:51:44,1,9
112,23,Flesh,Vivia Gannon,Drama,1589,1984-01-07 23:33:58,1,16
113,32,Tremors II: Aftershocks,Lira Metts,Humor,9848,2018-10-18 05:35:40,1,23
114,5,Chronicle of an Escape (Crónica de una fuga),Auroora Peters,Poetry,15793,1990-07-28 03:10:59,0,9
115,3,Zatoichi's Vengeance (Zatôichi no uta ga kikoeru) (Zatôichi 13),Waldemar Milbourne,Young adult,15345,1975-12-15 00:01:03,1,23
116,44,Bill & Ted's Bogus Journey,Britteny Gurr,Mystery,14467,1995-03-23 13:15:10,1,21
117,7,Lady Chatterley,Rogerio Klageman,Horror,9166,1974-06-26 09:57:57,1,12
118,4,Runner Runner,Meaghan Pepye,Humor,3383,2019-11-11 07:56:45,1,1
119,15,Ice Quake ,Vivie Absalom,Classic,6446,1978-03-07 09:16:11,0,21
120,9,Body of Water (Syvälle salattu),Sonny McVitie,Mystery,16040,1981-07-19 21:35:59,0,2
121,12,Abraham's Valley (Vale Abraão),Astra Cocozza,Fantasy,15604,2007-06-25 19:01:33,1,3
122,30,Getting Any? (Minnâ-yatteruka!),Clement Gobeau,Mystery,7693,2004-06-17 10:20:24,0,26
123,24,"Challenge, The",Waldemar Milbourne,Humor,12608,2012-10-29 09:41:35,0,30
124,22,Hav Plenty,Cass Chatburn,Thriller,2051,1985-07-02 15:23:10,1,10
125,45,Beaufort,Lira Metts,Thriller,18993,1989-08-14 22:52:04,1,15
126,39,My Letter to George (Mesmerized),Jyoti Steaning,Satire,14981,1975-06-04 10:03:17,0,10
127,2,Carry on Behind,Hill Riggulsford,Mystery,17494,2006-05-04 16:45:00,0,5
128,49,"Man Called Horse, A",Frannie Whitehouse,Fantasy,3153,2009-09-10 17:47:17,1,14
129,5,Bully,Jyoti Steaning,Mystery,1945,1992-02-05 16:47:54,1,3
130,25,"Larceny, Inc.",Merl Halsey,Fantasy,13173,1986-11-27 09:59:18,0,2
131,16,"Sorry, Wrong Number",Lira Metts,Horror,5375,1980-01-29 21:45:57,1,2
132,39,Spellbound,Harriott Enderby,Satire,4475,2008-07-22 04:22:01,1,16
133,23,Driving Miss Daisy,Kerianne Stoter,Humor,13293,1988-05-10 14:06:51,0,12
134,7,StarStruck,Twyla Teaz,Crime,3854,1980-12-18 21:06:57,0,29
135,34,"Five People You Meet in Heaven, The",Aurel Keems,Thriller,16624,2004-07-16 19:24:33,0,14
136,29,Devil's Due,Vivie Absalom,Classic,12183,1995-09-22 05:20:26,0,7
137,6,Amazing Grace and Chuck,Candie Backhurst,Young adult,14893,2003-02-23 07:02:50,1,16
138,49,Kick-Ass,Cristen Manby,Thriller,10608,2005-06-17 13:22:03,0,30
139,47,Young at Heart (a.k.a. Young@Heart),Amalie Sket,Action(adventure),1310,2009-12-07 04:05:07,1,21
140,4,Battle Cry,Morganica Whitehorn,Horror,5717,2004-10-09 05:14:51,0,14
141,1,Welcome to the Punch,Cassandry Osgordby,Romance,3402,1997-05-15 14:22:54,0,23
142,18,Liar's Dice,Allyn Kersting,Mystery,5673,1982-05-21 22:28:09,0,1
143,36,Move (3 Zimmer/Küche/Bad),Buckie Lonnon,Romance,6050,1997-05-25 20:11:41,1,28
144,21,Allegheny Uprising,Rogerio Klageman,Drama,805,1994-02-06 03:58:33,0,8
145,27,Something to Sing About,Allyn Kersting,Thriller,7884,1993-11-08 05:52:06,0,19
146,33,Jet Lag (Décalage horaire),Crysta Garretts,Mystery,5742,1979-09-17 14:50:39,0,25
147,50,David and Lisa,Crysta Garretts,Humor,14795,1973-09-20 17:25:39,0,18
148,43,Rasen,Twyla Teaz,History,2855,1984-11-02 00:05:40,0,7
149,6,Xiu Xiu: The Sent-Down Girl (Tian yu),Lira Metts,Drama,8186,2009-02-03 10:15:21,1,14
150,21,"Paperboy, The",Hill Riggulsford,Thriller,14024,2009-04-19 03:29:56,1,2
151,8,Sexual Predator,Buckie Lonnon,Romance,3418,1971-06-14 04:10:20,1,7
152,49,Cold Comes the Night,Merl Halsey,Young adult,11278,1995-10-25 14:31:17,0,23
153,27,Whoregasm,Drucy Adan,Action(adventure),3426,1979-07-05 08:50:03,0,27
154,21,Thy Womb (Sinapupunan),Jakie Huie,Fantasy,16375,2007-07-06 11:45:05,0,26
155,27,Drive Hard,Sonny McVitie,Young adult,15888,2002-11-03 12:09:26,0,28
156,11,Possession,Meaghan Pepye,Poetry,16860,1995-07-23 03:34:51,1,22
157,25,Boogeyman,Gilbert Odd,Crime,12018,1995-07-24 19:29:46,1,3
158,31,"House, The (A Casa)",Twyla Teaz,Satire,17037,2003-05-06 00:15:20,1,5
159,26,Death and Cremation,Cassandry Osgordby,Humor,19701,1990-04-07 14:11:47,0,6
160,35,Echelon Conspiracy,Buckie Lonnon,Action(adventure),7154,1996-06-29 18:03:49,0,24
161,14,Sky Fighters (Les Chevaliers Du Ciel),Rogerio Klageman,Thriller,10667,2016-07-01 13:48:30,1,14
162,45,Smoke Signals,Karola Nevins,Drama,839,2003-01-06 20:50:14,1,2
163,17,Meat the Truth,Hill Riggulsford,Romance,13769,2002-07-29 14:54:37,1,26
164,21,London,Reeta Skahill,Romance,7248,2005-06-30 07:59:33,0,2
165,11,"Winner, The",Isabel Fausch,History,16454,1986-04-06 17:58:25,1,21
166,49,"Names of Love, The (Le nom des gens)",Candie Backhurst,Humor,10165,2004-01-17 11:25:34,0,17
167,15,"Classe Tous Risques (Big Risk, The)",Amalie Sket,History,2984,2012-04-25 01:52:01,1,8
168,30,I Don't Want to Be a Man (Ich möchte kein Mann sein),Vivie Absalom,Classic,13251,2019-11-25 13:47:18,0,13
169,17,XX/XY,Hill Riggulsford,Action(adventure),6976,2014-08-14 00:37:05,0,26
170,4,Eddie Izzard: Glorious,Drucy Adan,Drama,4356,1995-05-31 15:15:54,0,25
171,23,Väreitä,Britteny Gurr,Fantasy,16294,2004-08-22 03:35:13,0,16
172,3,Land of the Blind,Frannie Whitehouse,Mystery,14458,2007-01-06 17:10:04,0,28
173,17,Bhowani Junction,Reeta Skahill,Mystery,11586,2015-03-31 00:24:54,0,8
174,34,Hallelujah!,Melonie Di Biagi,Thriller,19031,1988-02-15 06:38:20,0,27
175,45,Rush Hour,Everard Aasaf,Horror,16836,2001-07-31 11:52:56,0,10
176,34,Legally Blonde,Cass Chatburn,Thriller,8522,2011-09-02 00:11:14,1,5
177,13,Tomorrow at Dawn (Demain dès l'aube),Josias Kissack,Classic,15667,2015-07-30 22:07:41,1,28
178,14,National Gallery,Reeta Skahill,Crime,6338,1979-10-08 00:19:51,1,17
179,11,Sleeping Beauty,Clo Rosnau,Drama,10925,1986-11-08 12:52:58,0,1
180,26,Annie Hall,Merl Halsey,Science fiction,2517,1989-10-17 03:53:42,1,23
181,19,Grandmother,Coriss Maillard,Satire,9283,1972-10-29 10:39:11,0,27
182,36,Robot & Frank,Meaghan Pepye,Action(adventure),17969,1996-09-19 11:41:10,0,23
183,47,Black Fury,Correna Nollet,Humor,16752,2006-04-28 22:50:30,0,28
184,24,"Ernest Film Festival, The",Twyla Teaz,Action(adventure),9305,2016-09-17 10:19:54,1,29
185,38,Archangel,Desirae Goodrum,Satire,14115,2016-03-28 09:07:39,1,26
186,8,Zatoichi at Large (Zatôichi goyô-tabi) (Zatôichi 23),Cass Chatburn,Thriller,19648,1985-02-09 16:22:01,1,13
187,27,Mikra Anglia,Jyoti Steaning,Classic,13025,2020-01-23 23:36:40,1,3
188,1,American Pie 2,Delila Plues,Fantasy,5938,1993-06-19 22:53:53,0,2
189,24,Rock of Ages,Clo Rosnau,Poetry,2677,2013-04-22 18:25:06,1,7
190,7,Serial Mom,Delila Plues,Science fiction,17317,1980-04-05 18:37:51,0,27
191,20,Something Wicked This Way Comes,Tiphanie Giraudel,Fairytale,14668,1998-04-09 18:23:34,1,3
192,13,Cul-de-sac,Jaquenetta Friese,Satire,10487,2005-01-10 09:17:35,0,6
193,15,Sheep Eaters (Lampaansyöjät),Lira Metts,Romance,17046,2007-10-28 11:17:35,0,29
194,24,Homicide,Reeta Skahill,Fantasy,4874,1991-04-30 21:09:04,0,22
195,35,The Gift of Love,Marcel Sinnett,History,16349,1975-06-27 00:29:32,0,22
196,15,My Favorite Wife,Yasmeen Di Dello,Fairytale,13227,1986-09-15 16:44:33,0,19
197,45,Morons From Outer Space,Kerianne Stoter,Philosophy,5342,1975-12-16 03:46:33,1,30
198,19,American Promise,Amalie Sket,Romance,2296,2000-12-13 08:07:41,1,19
199,10,Tai Chi Hero,Clement Gobeau,Drama,16276,1986-08-19 20:36:51,1,3
200,8,Common Places (a.k.a. Common Ground) (Lugares comunes),Karola Nevins,Crime,16239,2017-01-10 00:04:36,1,20
201,11,Música Campesina (Country Music),Waldemar Milbourne,Action(adventure),7976,1987-03-07 01:50:26,0,3
202,42,"Monster X Strikes Back: Attack the G8 Summit, The (Girara no gyakushû: Tôya-ko Samitto kikiippatsu)",Meaghan Pepye,Science fiction,9315,2000-01-15 06:33:45,1,30
203,41,Amber Alert ,Melonie Di Biagi,Fantasy,17273,2009-07-21 20:26:38,0,6
204,40,What Planet Are You From?,Waldemar Milbourne,Satire,14847,1988-11-10 09:52:05,1,11
205,10,The Mad Magician,Jerrilee Edwicke,Crime,18900,1999-10-01 01:33:44,0,15
206,37,State Affairs (Une affaire d'état),Aubrette Budge,Thriller,3354,2006-06-06 14:24:42,0,11
207,6,Profound Desires of the Gods (Kamigami no fukaki yokubo) ,Coriss Maillard,Young adult,16583,1987-05-30 18:00:55,1,6
208,50,Werner - Volles Rooäää,Karola Nevins,Young adult,14053,1980-03-22 16:17:28,1,19
209,41,Krippendorf's Tribe,Melonie Di Biagi,Drama,1238,1975-02-08 06:37:07,0,13
210,1,Fatherland,Coriss Maillard,Thriller,19706,1974-01-29 05:56:12,1,1
211,5,Without Limits,Aubrette Budge,Humor,13718,1978-05-17 12:40:33,0,27
212,30,The Hire: Powder Keg,Selig Leatherbarrow,Satire,7178,2012-09-09 19:27:21,0,14
213,7,Silence (Chinmoku),Twyla Teaz,Classic,1604,1999-11-05 00:57:50,1,17
214,39,Gold Raiders,Myrlene Bamfield,Drama,17835,1972-02-03 09:53:52,0,19
215,3,Sleeping Dogs Lie (a.k.a. Stay),Yehudi Carlucci,Satire,10223,1974-10-03 08:28:59,0,9
216,11,"Snowtown (Snowtown Murders, The)",Allyn Kersting,Satire,10734,1980-08-28 08:04:53,1,28
217,35,"Wog Boy, The",Britteny Gurr,Drama,12554,1999-10-25 13:14:41,0,4
218,5,Wild Target,Clement Gobeau,Action(adventure),4975,2000-11-03 21:28:58,0,5
219,26,"Divo, Il",Britteny Gurr,Humor,2098,1997-02-27 02:49:08,0,9
220,26,Sling Blade,Regine Ronchetti,Mystery,11782,2020-07-22 12:08:57,0,21
221,42,Elfie Hopkins: Cannibal Hunter,Rogerio Klageman,Drama,7713,2005-09-19 09:18:17,0,15
222,21,Apocalypto,Britteny Gurr,Classic,1821,1974-06-28 22:05:11,1,8
223,13,Starbuck,Vivie Absalom,Young adult,9363,1975-05-17 17:45:39,1,4
224,3,Madigan,Bartlet Gleadle,Satire,969,1985-02-26 14:31:04,0,9
225,28,Attack of the Giant Leeches,Hill Riggulsford,History,19262,1999-04-26 09:30:40,0,16
226,39,"Riddle of the Sands, The",Allyn Kersting,Fantasy,991,1984-06-11 21:06:47,1,14
227,39,"Good Doctor, The",Josias Kissack,Fairytale,583,1999-06-29 11:18:41,0,5
228,10,Sasori,Yasmeen Di Dello,Action(adventure),1963,1989-05-01 20:40:13,1,2
229,42,Philadelphia,Iggie Gellately,Mystery,8396,1982-11-25 13:23:10,1,1
230,14,Dragonheart 3: The Sorcerer's Curse,Crysta Garretts,Humor,12278,1995-05-28 14:22:37,1,13
231,14,"Devil and Daniel Johnston, The",Marcel Sinnett,Drama,14565,2014-07-06 19:16:14,1,21
232,16,"Hawaii, Oslo",Myrlene Bamfield,Poetry,6276,1987-03-19 03:11:50,1,24
233,31,Autómata (Automata),Tiphanie Giraudel,Humor,15451,1989-02-20 03:19:58,1,1
234,34,Road House,Meaghan Pepye,Action(adventure),4188,1983-03-19 06:17:17,0,17
235,7,Trapped in Paradise,Rogerio Klageman,Horror,12997,1987-10-03 10:36:38,1,25
236,24,Beyond the Forest,Twyla Teaz,Fantasy,17160,2003-11-06 17:01:32,0,8
237,36,"Villain, The (Ek Villain)",Lira Metts,Poetry,18578,2016-09-25 12:20:35,0,8
238,17,Juno,Kissee O'Scanlon,History,12015,1974-02-12 11:02:13,1,23
239,20,Reincarnation,Tiphanie Giraudel,Science fiction,5268,1975-09-20 18:27:49,1,1
240,31,Bongwater,Joel Gossage,History,12531,2014-04-29 17:31:27,0,5
241,14,Tales from the Crypt Presents: Demon Knight,Bartlet Gleadle,Horror,2781,2000-08-20 18:56:44,1,24
242,32,Rumble Fish,Josias Kissack,Humor,2654,2018-04-13 19:09:42,1,1
243,39,One Man Against the Organization,Meaghan Pepye,Classic,10935,1988-07-17 13:40:30,0,13
244,33,Rise of the Footsoldier,Clo Rosnau,History,19025,1978-02-23 07:11:44,0,5
245,5,"Balloonatic, The",Bartlet Gleadle,Satire,10583,2007-06-25 22:08:24,1,23
246,23,La Planque,Nathanael Pettecrew,Drama,6926,2016-05-09 02:13:50,1,3
247,24,Remington and the Curse of the Zombadings,Josias Kissack,Satire,9426,1980-11-03 01:29:24,1,25
248,49,"King's Speech, The",Tiphanie Giraudel,Romance,2178,2017-08-19 12:06:44,1,23
249,17,"Newton Boys, The",Merl Halsey,Horror,4819,2014-12-17 10:20:13,1,22
250,22,Chori Chori Chupke Chupke,Jerrilee Edwicke,Satire,15117,1981-08-24 18:04:47,1,28
251,31,Scratch,Cristen Manby,Drama,8536,1979-11-09 10:35:34,0,1
252,41,Anchorman 2: The Legend Continues,Vivie Absalom,Crime,16162,2004-08-07 02:51:26,1,23
253,6,Kabluey,Vivie Absalom,Poetry,5787,2016-09-29 20:39:58,0,22
254,20,Lawyer Man,Everard Aasaf,History,11317,2009-07-13 04:41:05,1,9
255,6,Resurrection Man,Harriott Enderby,Action(adventure),17764,2009-09-27 06:13:59,1,22
256,30,The Bone Snatcher,Crysta Garretts,History,18326,2009-04-02 05:26:10,1,27
257,25,Spring Break,Sonny McVitie,Horror,6355,1993-10-18 15:13:32,0,4
258,41,Five Graves to Cairo,Aurel Keems,Horror,8365,1973-12-14 08:12:28,1,13
259,2,Faust,Mariejeanne Lanfer,History,18827,2001-02-24 08:38:01,1,30
260,16,Cheerful Weather for the Wedding,Yasmeen Di Dello,Classic,7721,1993-01-18 16:09:43,0,19
261,8,I Always Wanted to Be a Gangster (J'ai toujours rêvé d'être un gangster),Bartlet Gleadle,Mystery,7450,2009-09-30 07:28:26,0,24
262,22,"Jungle Book, The",Chico Hark,Mystery,11004,1987-04-15 15:33:45,0,16
263,28,Interkosmos,Amalie Sket,Satire,2166,2003-07-23 15:31:19,0,1
264,31,Joint Security Area (Gongdong gyeongbi guyeok JSA),Nathanael Pettecrew,Action(adventure),16819,2002-06-08 11:05:59,0,21
265,8,Color of Night,Coriss Maillard,Thriller,19376,2018-03-19 02:22:14,0,13
266,46,"Good Old Fashioned Orgy, A",Jyoti Steaning,Drama,19663,1999-05-15 17:09:16,1,22
267,46,"City of No Limits, The (la ciudad sin límites, En)",Gilbert Odd,History,18673,1977-03-14 10:35:30,0,2
268,30,Sink or Swim,Jaquenetta Friese,Philosophy,5633,1990-03-21 09:48:50,1,3
269,40,"Tree, The",Romona Stitfall,Action(adventure),2118,2019-04-01 19:26:27,1,5
270,29,"Monster That Challenged the World, The",Twyla Teaz,Philosophy,15623,1996-01-26 04:15:19,0,12
271,12,Emil i Lönneberga,Jakie Huie,Fairytale,9416,1997-02-08 19:26:09,0,14
272,9,Pete Kelly's Blues,Clo Rosnau,History,8417,2018-10-23 13:33:58,0,25
273,44,The Forgotten Woman,Kissee O'Scanlon,Young adult,15926,2008-08-06 11:11:28,1,8
274,42,Cleopatra,Lira Metts,Philosophy,15846,1977-03-06 05:01:44,0,22
275,31,Just Anybody (Le premier venu),Cass Chatburn,Action(adventure),7410,2013-08-03 00:07:28,1,24
276,19,Eddie and the Cruisers,Romona Stitfall,Philosophy,8743,1994-02-26 11:11:54,0,16
277,42,Disturbia,Clement Gobeau,Classic,1957,1995-02-15 02:49:06,1,13
278,33,Deathtrap,Isabel Fausch,Thriller,15168,2004-06-09 18:31:33,0,18
279,30,Suzanne's Diary for Nicholas,Meaghan Pepye,Mystery,19576,1971-10-01 09:18:53,0,8
280,34,"One, The",Mariejeanne Lanfer,Thriller,13660,2013-08-11 15:55:30,1,11
281,48,No Good Deed,Frannie Whitehouse,Mystery,18563,2003-04-06 15:35:31,1,28
282,8,Faces of Death: Fact or Fiction?,Desirae Goodrum,Mystery,15914,1980-08-02 09:59:45,0,25
283,37,Easy Virtue,Britteny Gurr,Crime,19666,2020-07-05 16:07:24,1,20
284,48,"Lady, The",Drucy Adan,Philosophy,12350,1993-09-06 22:35:27,1,20
285,36,"Atomic States of America, The",Julianna Leuty,Classic,9162,2011-09-26 21:25:58,1,25
286,2,Post Mortem,Nikoletta Grimster,Poetry,13814,1990-01-30 19:04:39,0,13
287,21,King's Game (Kongekabale),Twyla Teaz,Satire,1457,2008-10-07 00:04:35,1,20
288,48,Steppenwolf,Isabel Fausch,Thriller,16737,2000-03-30 03:09:51,0,14
289,48,In My Country (a.k.a. Country of My Skull),Von Konzel,Young adult,9384,2007-06-09 14:18:37,0,11
290,43,Bad Girls,Ceil Briggs,Fairytale,18342,1981-03-26 05:54:30,0,6
291,47,"Rocky Horror Picture Show, The",Desirae Goodrum,Classic,13594,1987-02-24 05:43:40,0,28
292,2,Racing Dreams,Marcel Sinnett,Fantasy,12122,1973-04-24 01:09:24,1,3
293,23,La discrète,Coriss Maillard,History,17298,2017-02-03 03:10:05,0,30
294,33,Stanley & Iris,Morganica Whitehorn,Philosophy,925,1977-06-03 20:09:07,1,7
295,26,"Killing Room, The",Regine Ronchetti,Philosophy,5206,2018-09-21 09:28:13,0,21
296,15,Cheech and Chong's Animated Movie,Orel Alenikov,Mystery,521,2016-10-18 05:06:28,1,22
297,7,Blackboard Jungle,Regine Ronchetti,Fairytale,6809,2009-08-15 17:23:04,0,23
298,21,"Recruit, The",Nathanael Pettecrew,Romance,9328,2002-03-29 10:22:18,1,23
299,29,Painted Lady,Auroora Peters,Drama,4183,2003-06-23 22:01:57,0,20
300,47,Monty Python and the Holy Grail,Iggie Gellately,Romance,2763,1996-10-03 14:42:38,1,22
301,6,"Russia House, The",Orel Alenikov,Classic,4723,1994-10-16 14:16:09,0,7
302,43,Jaws 2,Kissee O'Scanlon,Satire,15053,1973-03-28 20:55:26,0,18
303,43,Cotton Mary,Cass Chatburn,Horror,10783,1979-08-21 01:12:42,1,11
304,9,I Do: How to Get Married and Stay Single (Prête-moi ta main),Hill Riggulsford,Horror,2086,2009-08-06 09:01:52,0,9
305,33,Camilla,Vivie Absalom,Young adult,9089,1977-11-24 17:32:10,0,22
306,45,Lolita,Yasmeen Di Dello,Fantasy,3818,2014-01-09 23:10:44,1,1
307,42,Dead Reckoning,Vivie Absalom,Poetry,928,2016-09-17 09:56:34,1,7
308,1,Evenings on a Farm near Dikanka,Kerianne Stoter,History,10357,2008-01-17 13:35:40,0,14
309,37,Norwegian Wood (Noruwei no mori),Frannie Whitehouse,Crime,16197,1974-11-21 21:38:12,1,13
310,45,Stoked: The Rise and Fall of Gator,Delila Plues,Satire,17870,1972-08-17 23:35:46,1,28
311,1,Women of the Night (Yoru no onnatachi),Lira Metts,Classic,11556,1995-03-28 22:17:46,0,4
312,40,Blood on Satan's Claw (a.k.a. Satan's Skin),Joel Gossage,Mystery,18203,1999-02-13 11:21:22,1,5
313,25,Day and Night (Dag och natt),Iggie Gellately,Crime,7326,1976-09-03 06:16:20,1,1
314,24,Evil Roy Slade,Lira Metts,Poetry,7068,1999-04-30 05:00:06,0,8
315,12,Little Black Book,Isabel Fausch,Fantasy,7102,1977-08-23 19:18:09,0,10
316,35,Happy Feet Two,Kissee O'Scanlon,Fairytale,16709,2017-09-30 15:32:24,1,21
317,50,S.W.A.T.,Mariejeanne Lanfer,Science fiction,14361,1991-04-09 09:05:23,1,30
318,24,Dad,Cass Chatburn,Crime,2277,2005-05-28 22:57:09,0,20
319,33,World on a Wire (Welt am Draht),Vivie Absalom,Crime,17316,1997-07-29 19:31:42,0,28
320,1,Seed,Everard Aasaf,Science fiction,16770,1972-03-08 01:48:43,0,17
321,18,Magic,Nikoletta Grimster,History,16037,2017-12-10 04:52:10,1,27
322,34,"3 Worlds of Gulliver, The",Yehudi Carlucci,Humor,13556,1990-10-23 06:23:23,1,6
323,42,Go Now,Twyla Teaz,Classic,7400,1989-06-09 00:41:42,0,16
324,18,To Encourage the Others,Tiphanie Giraudel,Horror,8689,1975-09-09 01:55:01,1,9
325,25,Chasing Amy,Cristen Manby,Action(adventure),13619,2018-03-17 07:33:52,1,14
326,48,Sniper 2,Coriss Maillard,Poetry,1523,1976-10-27 07:11:41,0,3
327,10,Dante 01,Clo Rosnau,Horror,11025,2013-02-25 11:36:47,1,2
328,5,Suicide Club,Regine Ronchetti,Young adult,8668,2005-02-25 20:59:12,0,15
329,44,Pennies from Heaven,Chico Hark,Horror,13620,1994-08-12 03:05:37,0,22
330,3,Windy Day (Tuulinen päivä),Reeta Skahill,Mystery,8274,2004-06-10 00:11:49,0,17
331,23,Iria: Zeiram the Animation ,Aubrette Budge,Mystery,15875,1971-07-11 18:46:53,1,29
332,35,"Star, The",Correna Nollet,Mystery,6285,1982-03-14 21:22:22,0,12
333,42,360,Jakie Huie,History,1950,1975-01-12 15:16:44,1,23
334,30,Analyze That,Aubrette Budge,Horror,2541,1984-08-18 05:46:41,1,3
335,39,Hell Ride,Aurel Keems,History,16170,1975-02-15 05:44:28,1,9
336,40,"Fan, The",Morganica Whitehorn,Poetry,7639,2001-06-12 17:12:38,0,7
337,44,Gun Fury,Buckie Lonnon,Fairytale,4840,1979-10-07 01:53:46,0,28
338,22,Mobsters,Aurel Keems,Science fiction,19851,1985-12-20 10:09:00,1,2
339,46,"Last Stand, The",Merl Halsey,Science fiction,18713,1979-06-04 18:27:08,1,13
340,17,Naked Fear,Harriott Enderby,History,6602,1981-11-14 04:22:11,0,16
341,42,"Eagle, The",Melonie Di Biagi,Philosophy,4064,1981-08-26 02:23:50,1,16
342,21,Dead Man Walking,Orel Alenikov,Young adult,12475,1977-06-25 01:09:08,0,18
343,21,Paradise Road,Hill Riggulsford,Fairytale,11614,2005-03-02 08:54:47,0,6
344,50,"World, the Flesh and the Devil, The",Candie Backhurst,Crime,16284,1987-10-05 04:42:14,1,8
345,2,The Last Gladiators,Chico Hark,Fairytale,851,1993-05-16 18:25:59,0,12
346,26,"Going Places (Valseuses, Les)",Iggie Gellately,Fairytale,10232,1976-08-02 20:18:29,1,7
347,43,Wyvern,Selig Leatherbarrow,Action(adventure),2209,1991-01-08 14:36:23,0,29
348,24,"Boys Next Door, The",Correna Nollet,History,16410,1980-06-21 08:41:29,1,3
349,14,"Fearless Freaks, The",Kerianne Stoter,Action(adventure),10627,1977-12-26 14:06:51,1,24
350,29,"Day, The",Cristen Manby,Science fiction,13227,2014-08-05 05:55:19,0,27
351,38,Ivanhoe,Kerianne Stoter,Young adult,9335,2018-03-29 01:29:04,1,21
352,15,"Black Coal, Thin Ice (Bai ri yan huo)",Selig Leatherbarrow,Satire,15396,2018-05-28 10:51:39,1,17
353,15,Crows Zero (Kurôzu zero),Isabel Fausch,Action(adventure),16932,2006-04-27 21:07:08,0,12
354,42,Alaska: Silence & Solitude,Jyoti Steaning,Humor,5860,1996-12-27 05:31:51,0,22
355,21,Quackser Fortune Has a Cousin in the Bronx,Isabel Fausch,Young adult,12047,1983-06-29 06:48:39,1,25
356,41,Young Thugs: Nostalgia (Kishiwada shônen gurentai: Bôkyô),Cass Chatburn,Romance,17792,2015-03-27 02:05:40,0,12
357,40,"Dam Busters, The",Amalie Sket,Mystery,8464,1989-11-15 11:50:22,1,29
358,30,Hellraiser: Bloodline,Drucy Adan,Thriller,7983,1991-10-20 08:19:23,0,20
359,40,Sullivan's Travels,Clo Rosnau,Mystery,3803,2012-10-05 22:56:20,1,3
360,2,Under Siege,Buckie Lonnon,Philosophy,10819,2010-10-20 00:11:45,0,1
361,14,All in a Night's Work,Amalie Sket,Action(adventure),19767,2006-02-14 15:03:46,1,4
362,21,"Magic Flute, The (Trollflöjten)",Aubrette Budge,Humor,6273,1975-01-29 08:58:37,1,13
363,45,Radio,Melonie Di Biagi,Romance,10483,1978-11-20 02:51:07,1,23
364,24,Bedazzled,Iggie Gellately,Mystery,1803,2011-06-27 07:59:49,1,2
365,42,"Concorde: Airport '79, The",Mariejeanne Lanfer,Philosophy,6672,1996-04-22 06:57:16,0,7
366,22,"Ugly Duckling and Me!, The",Clement Gobeau,Satire,4433,2020-10-06 04:49:33,1,14
367,2,"City, The (Ciudad, La)",Jyoti Steaning,Mystery,6745,2000-11-03 14:16:25,0,17
368,18,Rush,Jakie Huie,Horror,18961,1992-04-11 12:28:15,1,11
369,22,Heist,Allyn Kersting,Mystery,17194,1972-05-24 20:19:46,0,20
370,32,Disorderlies,Delila Plues,Crime,5537,2018-09-23 06:49:35,0,1
371,48,Delbaran,Jyoti Steaning,Horror,857,1997-12-14 00:16:21,0,10
372,25,"Burning Plain, The",Auroora Peters,Thriller,3907,2017-03-10 10:02:00,1,16
373,44,My Boyfriend's Back,Bartlet Gleadle,Fantasy,12629,2004-11-09 01:17:38,0,2
374,2,Africa Screams,Kissee O'Scanlon,Satire,11889,1974-10-08 20:32:08,1,3
375,41,The Vixen,Karola Nevins,Thriller,6916,1987-02-19 14:03:38,0,11
376,3,"Ruins, The",Buckie Lonnon,History,19215,1982-12-03 10:52:08,0,6
377,16,Small Soldiers,Jaquenetta Friese,Drama,14663,1986-11-18 05:39:54,0,1
378,34,"Same Time, Next Year",Aurel Keems,Mystery,5762,2001-12-26 03:02:07,1,21
379,20,Drummer-Crab (Le Crabe-Tambour),Orel Alenikov,Drama,761,1975-08-18 13:09:29,1,22
380,43,Army of Darkness,Melinde Michelmore,Mystery,13193,1992-03-20 03:16:24,1,22
381,45,Eden,Auroora Peters,Humor,18848,1992-02-11 00:50:07,0,13
382,28,LennoNYC,Waldemar Milbourne,Satire,6416,1972-04-07 21:42:09,0,24
383,40,"Sleeping Dictionary, The",Nikoletta Grimster,Philosophy,19005,1980-08-08 11:45:46,0,24
384,23,Bereavement,Astra Cocozza,Philosophy,16467,1978-03-07 04:46:16,1,12
385,7,Village of the Damned,Cass Chatburn,Mystery,3512,1997-12-20 12:03:12,0,17
386,6,How Do You Write a Joe Schermann Song,Buckie Lonnon,Thriller,14604,1974-11-05 09:05:02,0,12
387,23,Please Give,Everard Aasaf,Young adult,15185,1999-12-11 18:30:42,0,29
388,14,"Girl Can't Help It, The",Twyla Teaz,Philosophy,19405,1983-02-05 19:34:26,0,18
389,30,Gunga Din,Yehudi Carlucci,Satire,11614,1987-06-07 02:33:19,0,4
390,29,Revenge of the Green Dragons,Harriott Enderby,Young adult,14211,1977-10-06 12:55:26,1,25
391,15,Make Way for Tomorrow,Frannie Whitehouse,Romance,14503,1991-05-06 07:35:57,0,28
392,30,"As Luck Would Have It (Chispa de la vida, La)",Isabel Fausch,Mystery,19442,1994-04-30 12:40:04,0,6
393,33,Insurgent,Jyoti Steaning,Action(adventure),14615,2001-02-08 02:43:03,0,1
394,31,Saw IV,Waldemar Milbourne,Mystery,8463,1985-10-31 22:31:12,0,1
395,34,National Lampoon's Van Wilder: The Rise of Taj,Gilbert Odd,Action(adventure),18020,2018-07-01 19:25:33,0,9
396,8,Left Behind: World at War,Yehudi Carlucci,Crime,3200,1997-02-02 17:42:42,0,5
397,44,Lassie,Reeta Skahill,Action(adventure),11202,1998-06-22 04:32:21,0,18
398,39,Things We Lost in the Fire,Isabel Fausch,Humor,6620,2015-05-16 14:13:31,0,4
399,15,"Piece of the Action, A",Rogerio Klageman,Horror,7093,2011-02-14 13:58:18,1,11
400,26,Virtuality,Kerianne Stoter,Poetry,13752,1999-04-05 18:35:17,0,11
401,32,S.F.W.,Cassandry Osgordby,Classic,19261,2011-10-31 21:27:26,0,17
402,11,Butter,Britteny Gurr,Fantasy,4652,2017-08-06 10:45:03,0,30
403,39,Not of This Earth,Frannie Whitehouse,Crime,12345,2017-06-25 21:22:03,0,13
404,38,Jamaica Inn,Merl Halsey,History,12169,2016-03-18 02:22:57,0,8
405,23,"Vampire Bat, The",Julianna Leuty,Horror,3654,2017-11-03 20:19:58,0,19
406,7,Starting Out in the Evening,Harriott Enderby,Humor,13885,1977-10-02 10:55:13,0,18
407,31,The Shadow of the Eagle,Nikoletta Grimster,Fairytale,6788,2012-11-07 21:34:59,0,26
408,10,Cadence,Jerrilee Edwicke,History,12837,2019-01-04 09:54:15,0,7
409,30,"So Evil, So Young",Melinde Michelmore,Philosophy,8611,2012-09-08 13:02:21,1,29
410,30,Ice Age: Dawn of the Dinosaurs,Bartlet Gleadle,Satire,11522,1985-01-31 05:52:07,0,15
411,16,That's What I Am,Buckie Lonnon,Fairytale,4274,2012-06-20 05:19:38,1,23
412,24,Angels and Insects,Josias Kissack,Humor,7383,2007-10-26 23:55:32,0,4
413,10,"Purple Ball, The (Lilovyy shar)",Coriss Maillard,Fairytale,5802,1996-03-25 17:44:46,1,2
414,34,Irma Vep,Twyla Teaz,Poetry,4467,2013-11-23 17:18:29,1,22
415,3,Cool Runnings,Sonny McVitie,Science fiction,9411,2001-11-24 23:09:05,1,29
416,13,Green Dragon,Iggie Gellately,Satire,6723,2011-08-07 02:22:05,0,5
417,21,Born Reckless,Aurel Keems,Poetry,10798,1979-03-26 18:07:49,0,30
418,27,Jackboots on Whitehall,Nathanael Pettecrew,Romance,2157,1989-01-09 11:19:42,1,16
419,30,Taxi Driver,Kerianne Stoter,Horror,4934,1977-12-15 12:25:03,0,6
420,49,"Recruiter, The",Frannie Whitehouse,Science fiction,700,2007-09-28 18:13:33,0,18
421,28,Cyrano de Bergerac,Astra Cocozza,Crime,812,1988-07-04 18:10:09,1,17
422,36,Equus,Auroora Peters,Fantasy,14758,1977-01-27 12:05:19,0,5
423,30,The Gunman,Kissee O'Scanlon,Classic,2598,2013-06-07 03:07:27,1,14
424,49,Mustasukkaisuus,Harriott Enderby,Crime,4374,2005-10-27 18:06:44,0,13
425,9,Samaritan Girl (Samaria),Von Konzel,Romance,5228,1997-11-15 20:14:21,0,1
426,3,Watermark,Sonny McVitie,Young adult,10118,1997-10-12 02:17:30,1,9
427,20,"Krays, The",Everard Aasaf,Crime,15039,1989-06-12 11:43:08,0,18
428,3,"Ghost Writer, The",Rogerio Klageman,Romance,4031,2005-03-21 00:28:37,0,19
429,1,"Tomb of Ligeia, The",Desirae Goodrum,Thriller,8321,2020-05-21 03:09:20,1,9
430,13,Fiend Without a Face,Myrlene Bamfield,Romance,16477,1994-04-04 11:33:10,0,30
431,44,Murphy's War,Marcel Sinnett,History,7236,1979-01-16 04:46:55,0,8
432,13,Fantomas (Fantômas - À l'ombre de la guillotine),Auroora Peters,Poetry,15175,1972-02-18 15:45:37,1,3
433,9,Rawhead Rex,Nikoletta Grimster,Fantasy,7465,1988-11-11 07:42:54,1,9
434,17,Aladin,Hill Riggulsford,Drama,2004,2020-03-14 09:19:04,1,27
435,35,Felicity,Melonie Di Biagi,Action(adventure),14606,2006-04-17 16:48:56,1,3
436,22,"King of Texas, The",Gilbert Odd,History,4204,1982-03-29 09:37:00,1,3
437,50,Death in Venice (Morte a Venezia),Reeta Skahill,Thriller,916,2018-04-04 11:48:06,1,3
438,37,Messenger of Death,Myrlene Bamfield,Young adult,12636,1981-04-05 17:20:27,0,27
439,27,"Racket, The",Melinde Michelmore,Fantasy,600,2018-01-09 19:45:20,1,13
440,9,Double Indemnity,Jaquenetta Friese,Fantasy,3517,2008-05-19 12:41:13,1,6
441,26,Colossus: The Forbin Project,Frannie Whitehouse,Philosophy,9383,2014-08-09 11:57:29,0,20
442,1,Secret Things (Choses secrètes),Chico Hark,Drama,19301,2014-05-18 06:23:09,0,18
443,39,Quest for a Heart (Röllin sydän),Clement Gobeau,Mystery,19992,1977-05-10 23:16:12,1,20
444,16,Harem suare,Jerrilee Edwicke,Fairytale,3952,2005-12-08 08:53:56,0,24
445,36,We're Not Married!,Sonny McVitie,Romance,1337,2003-09-17 10:21:41,1,6
446,46,Case 39,Melonie Di Biagi,Action(adventure),1198,1989-01-11 11:38:23,1,3
447,50,Bad Lieutenant: Port of Call New Orleans,Tiphanie Giraudel,Fantasy,2285,1990-03-09 04:04:44,1,30
448,47,"Next Karate Kid, The",Buckie Lonnon,Thriller,9134,2015-07-13 17:16:29,0,27
449,33,Demons 2 (Dèmoni 2... l'incubo ritorna),Ceil Briggs,Poetry,2993,1973-08-11 05:08:22,1,7
450,46,Isn't She Great?,Clo Rosnau,Romance,3026,1999-09-24 07:33:01,0,26
451,37,Ulysses,Britteny Gurr,Poetry,3089,1973-01-05 01:10:52,0,3
452,12,"Act of Killing, The",Desirae Goodrum,Romance,1431,2017-07-20 04:28:12,1,12
453,9,Skyscraper Souls,Merl Halsey,Humor,19129,2005-08-01 20:15:17,0,27
454,47,That Darn Cat!,Mariejeanne Lanfer,Young adult,12889,1989-07-30 00:56:33,1,16
455,36,Tyson,Kerianne Stoter,Thriller,19411,1999-04-24 14:27:23,0,6
456,17,Living in Emergency: Stories of Doctors Without Borders,Myrlene Bamfield,Fantasy,759,2015-12-25 15:44:07,1,25
457,41,Examined Life,Tiphanie Giraudel,Humor,6764,2014-09-13 19:24:15,1,29
458,9,Bad Santa,Astra Cocozza,Drama,4778,2015-11-10 09:20:33,0,5
459,40,Beauty Prize,Twyla Teaz,Thriller,14185,2010-03-06 16:15:10,0,5
460,17,Torture Garden,Selig Leatherbarrow,Humor,5728,1987-07-30 21:53:12,1,9
461,46,Boy Eats Girl,Melonie Di Biagi,Thriller,6381,2014-06-11 02:49:25,0,14
462,25,Navy Seals,Mariejeanne Lanfer,Classic,8616,1971-10-29 02:47:25,0,10
463,3,Japanese Summer: Double Suicide (Muri shinjû: Nihon no natsu),Twyla Teaz,Fairytale,15579,1974-02-25 20:45:35,1,17
464,40,"10,000 BC",Ceil Briggs,Horror,4905,1971-04-11 03:49:02,0,18
465,26,"Love, Wedding, Marriage",Britteny Gurr,Humor,2021,1982-08-10 10:36:47,1,25
466,44,Doughboys,Amalie Sket,Humor,16197,1995-04-04 13:49:36,1,15
467,47,Big Girls Don't Cry (Große Mädchen weinen nicht),Drucy Adan,History,6092,2001-10-24 05:06:05,0,5
468,30,Money Train,Gilbert Odd,Young adult,7017,1988-02-14 09:46:30,0,30
469,13,Dr. Strangelove or: How I Learned to Stop Worrying and Love the Bomb,Vivie Absalom,Thriller,9350,1981-06-21 13:50:46,1,23
470,3,I'm King Kong!: The Exploits of Merian C. Cooper ,Amalie Sket,Romance,7574,1977-12-17 21:39:53,1,3
471,20,The Pokrovsky Gates,Everard Aasaf,Science fiction,7482,1988-01-11 03:41:50,1,8
472,27,Tribulation,Gilbert Odd,Philosophy,17256,1998-01-28 20:49:35,0,18
473,38,Manufacturing Reality: Slavoj Zizek and the Reality of the Virtual (Slavoj Zizek: The Reality of the Virtual),Marcel Sinnett,Science fiction,6051,1992-11-09 02:54:44,0,7
474,50,Hotel de Love,Iggie Gellately,History,12613,1975-07-06 19:04:39,0,16
475,40,Saving Silverman (Evil Woman),Yehudi Carlucci,Classic,5746,2001-03-13 05:20:47,1,24
476,2,Gerhard Richter Painting,Von Konzel,Horror,13823,1974-10-19 13:25:01,1,10
477,9,Driven to Kill,Myrlene Bamfield,Horror,11215,1979-02-07 17:52:15,1,16
478,32,For Heaven's Sake,Ceil Briggs,History,951,1981-12-20 12:15:25,1,21
479,34,Dragon Ball Z the Movie: The World's Strongest (a.k.a. Dragon Ball Z: The Strongest Guy in The World) (Doragon bôru Z: Kono yo de ichiban tsuyoi yatsu),Melinde Michelmore,Action(adventure),1895,2007-07-25 14:28:50,0,13
480,22,Mrs. Pollifax-Spy,Kerianne Stoter,Fantasy,4788,1984-05-21 09:05:06,1,3
481,20,Rize,Ceil Briggs,Action(adventure),11989,1981-05-18 00:03:12,0,17
482,26,Cthulhu,Orel Alenikov,Humor,8950,1979-11-29 09:14:02,0,20
483,21,"House of Seven Corpses, The",Tiphanie Giraudel,Humor,2668,1981-12-11 19:34:31,0,8
484,45,Wondrous Oblivion,Allyn Kersting,Mystery,19341,1994-06-21 15:51:31,1,27
485,50,Super Sucker,Desirae Goodrum,Satire,5879,2001-10-19 17:11:37,0,21
486,21,"Accidental Spy, The (Dak miu mai shing)",Cass Chatburn,Science fiction,1499,1977-01-02 04:17:35,1,1
487,45,"Cool School, The",Joel Gossage,Drama,13618,2005-10-02 09:05:09,0,8
488,24,Emma,Correna Nollet,Young adult,1984,2018-11-25 16:19:42,0,4
489,42,You Don't Mess with the Zohan,Iggie Gellately,Young adult,10794,1984-11-04 01:58:29,0,11
490,16,Trick,Amalie Sket,Crime,19088,2019-06-08 04:19:57,1,16
491,46,"Alamo, The",Tiphanie Giraudel,Mystery,11286,2019-07-30 10:44:05,1,22
492,28,Animal Room,Aubrette Budge,Poetry,5459,1995-10-30 11:41:51,0,1
493,34,Immigrants (L.A. Dolce Vita),Clement Gobeau,History,14535,2014-04-25 00:55:13,0,13
494,3,"Incredibly Strange Creatures Who Stopped Living and Became Mixed-Up Zombies!!?, The",Isabel Fausch,Humor,10030,1988-07-19 04:01:50,0,16
495,16,Miss Pettigrew Lives for a Day,Drucy Adan,Crime,13850,2018-12-01 17:08:48,0,3
496,45,King of Beggars (Mo jong yuen So Hat-Yi),Hill Riggulsford,Romance,15226,2006-01-15 00:56:00,0,19
497,24,Conspiracy,Karola Nevins,Fairytale,10693,1974-09-18 11:12:01,0,30
498,35,Sleepwalking,Bartlet Gleadle,Drama,7932,2013-11-19 18:43:41,0,8
499,32,Future Weather,Jyoti Steaning,Romance,2594,1976-01-21 07:18:59,0,1
500,6,"Laterna, ftoheia kai garyfallo",Ceil Briggs,Satire,13302,1984-05-05 20:32:47,1,17
501,40,Copenhagen,Jyoti Steaning,Horror,13611,1983-07-10 08:31:12,1,4
502,29,Chernobyl Diaries,Lira Metts,Humor,5114,2001-04-05 16:11:07,1,24
503,46,Girl in the Cadillac,Allyn Kersting,History,15057,2017-03-06 09:18:28,1,12
504,19,Dead Weekend,Mariejeanne Lanfer,Mystery,19383,1989-09-27 12:19:05,1,23
505,15,Solino,Candie Backhurst,Satire,8817,1991-06-22 10:49:51,1,25
506,19,Takedown,Allyn Kersting,Mystery,16226,2014-11-25 19:01:24,0,28
507,41,"Guilt Trip, The",Morganica Whitehorn,Philosophy,4716,1995-05-27 01:34:45,0,21
508,42,42 Up,Desirae Goodrum,Fantasy,19534,1989-08-27 09:54:25,0,25
509,34,Toys in the Attic,Iggie Gellately,Humor,2408,2000-09-08 14:08:37,1,10
510,41,Girl with Green Eyes,Selig Leatherbarrow,Fairytale,13538,1973-04-04 04:31:16,1,5
511,18,One-Eyed Jacks,Allyn Kersting,Fantasy,8341,2017-04-22 22:21:54,1,8
512,5,Bending the Rules,Bartlet Gleadle,Drama,12729,2001-08-13 23:49:21,1,23
513,46,Curse of the Ring (Ring of the Nibelungs),Sonny McVitie,Fantasy,10611,1997-03-18 06:29:07,0,19
514,33,"Movie, A",Candie Backhurst,Humor,10373,2019-04-17 13:20:02,1,11
515,43,Quiet Flows the Don (Tikhiy Don),Lira Metts,Young adult,11995,1993-11-28 23:53:56,0,16
516,8,"Real McCoy, The",Orel Alenikov,Poetry,11014,1972-12-08 09:27:09,1,27
517,30,The Virginian,Correna Nollet,Young adult,2245,2000-06-04 06:16:52,1,21
518,43,"Judgement in Stone, A (Cérémonie, La)",Drucy Adan,Drama,18428,2003-01-13 14:05:51,0,21
519,29,"My Lady Margarine (Die Austernprinzessin) (Oyster Princess, The)",Julianna Leuty,Romance,4696,2010-02-17 14:11:06,0,26
520,17,Amelia,Hill Riggulsford,History,14434,1979-05-03 02:12:13,1,20
521,44,Presumed Innocent,Buckie Lonnon,Action(adventure),5292,1982-08-06 14:37:41,1,2
522,18,Narrien illat ,Meaghan Pepye,Horror,10689,1980-09-12 01:58:38,0,5
523,17,Valley of the Dolls,Vivie Absalom,History,18971,1975-05-12 01:13:38,0,17
524,49,Pooh's Grand Adventure: The Search for Christopher Robin,Melonie Di Biagi,Thriller,18598,2017-09-13 07:07:01,1,12
525,12,"Stranger Within, The",Marcel Sinnett,Science fiction,12164,1979-08-24 00:35:29,0,19
526,47,"Undefeated, The",Melonie Di Biagi,Philosophy,10885,1980-08-29 12:32:23,0,11
527,26,Casanova's Big Night,Desirae Goodrum,Philosophy,3447,1986-04-27 05:39:28,0,24
528,4,"City, The (Ciudad, La)",Twyla Teaz,Young adult,13524,1989-02-19 15:24:50,1,25
529,37,At Berkeley,Von Konzel,Fantasy,14858,1988-10-29 14:51:15,1,7
530,40,"Violent Cop (Sono otoko, kyôbô ni tsuki)",Cass Chatburn,Action(adventure),13973,2004-06-05 18:50:15,0,27
531,43,Abendland,Frannie Whitehouse,Fairytale,18748,2002-03-20 22:29:56,1,6
532,1,Manhattan Melodrama,Harriott Enderby,Drama,2063,2007-08-28 20:24:11,1,14
533,23,"Lamp in the Dark; The Untold History of the Bible, A",Morganica Whitehorn,Science fiction,3468,1974-01-17 10:05:25,0,9
534,31,Where the Money Is,Orel Alenikov,Humor,17266,2009-02-20 06:24:51,1,7
535,50,"Snowman, The",Jakie Huie,Action(adventure),3112,2001-07-28 17:30:57,1,16
536,12,"Line, The (La linea)",Myrlene Bamfield,Crime,17398,2006-02-21 18:25:49,1,17
537,49,Double Indemnity,Vivia Gannon,Fairytale,5762,2019-12-01 20:55:58,1,4
538,11,Enthusiasm (Entuziazm: Simfoniya Donbassa),Astra Cocozza,Mystery,13148,1987-02-11 11:05:18,0,10
539,16,"Upside of Anger, The",Regine Ronchetti,Romance,7348,1988-10-28 18:22:16,0,26
540,35,"Host, The",Crysta Garretts,Humor,12791,1973-11-03 21:35:17,1,30
541,43,Better Living Through Chemistry,Kerianne Stoter,Humor,5329,2002-08-10 17:31:55,1,2
542,33,Bride of Re-Animator,Julianna Leuty,Crime,10841,1976-07-01 21:06:00,0,10
543,15,Blue Jasmine,Cass Chatburn,Drama,2092,1979-08-23 15:53:59,1,10
544,47,Superman/Batman: Public Enemies,Jerrilee Edwicke,Mystery,15318,1979-01-28 21:45:06,0,15
545,37,"Safety of Objects, The",Vivia Gannon,Classic,10094,2010-11-11 07:18:39,1,11
546,13,Dinner Rush,Aubrette Budge,Fantasy,8580,2005-11-10 04:21:07,1,3
547,43,Middle of Nowhere,Josias Kissack,Crime,16622,1994-07-28 12:22:39,1,16
548,25,"Life and Times of Judge Roy Bean, The",Cass Chatburn,History,4418,1993-05-18 05:39:47,0,2
549,25,Anima Mundi,Aurel Keems,Thriller,18032,2018-12-18 10:47:51,0,25
550,46,Pandora's Promise,Myrlene Bamfield,Poetry,1665,1983-11-17 01:27:59,1,24
551,48,Teacher's Pet,Clo Rosnau,Thriller,13908,2009-11-26 04:30:32,0,2
552,3,The Great Raid,Harriott Enderby,Fantasy,1271,1991-07-13 13:27:41,0,14
553,22,Pandemonium,Everard Aasaf,Classic,5970,2005-10-18 02:33:27,0,29
554,11,"Man Without a Face, The",Regine Ronchetti,Satire,8574,1992-01-05 11:32:50,0,14
555,1,"Amazing Spider-Man, The",Aurel Keems,Mystery,8915,1986-09-05 09:14:23,1,13
556,10,"Bride from Hades, The (Botan-dôrô) (Peony Lantern) (Tale of Peonies and Lanterns, A)",Gilbert Odd,Philosophy,19948,2005-01-18 06:26:20,1,7
557,44,"Evil Cult, The (Lord of the Wu Tang) (Yi tian tu long ji: Zhi mo jiao jiao zhu)",Buckie Lonnon,Drama,2468,2018-05-22 17:42:14,0,1
558,17,One for the Money,Clement Gobeau,Young adult,7607,2019-10-03 20:31:02,1,12
559,43,Ida,Hill Riggulsford,Crime,15105,2009-12-24 06:20:57,1,23
560,19,"Goods: Live Hard, Sell Hard, The",Ceil Briggs,Drama,17310,1992-04-10 22:05:39,1,11
561,46,Sovereign's Company,Kerianne Stoter,Poetry,9934,1998-10-07 07:42:46,0,17
562,33,Circus,Allyn Kersting,Satire,18204,1996-01-27 06:57:23,1,29
563,49,Kill Me Please,Romona Stitfall,Action(adventure),5848,1994-02-08 14:51:57,0,5
564,2,Texas Terror,Karola Nevins,History,9606,2008-05-10 07:02:59,0,27
565,5,Into the Middle of Nowhere,Lira Metts,Fairytale,14193,2016-03-21 18:19:43,0,3
566,22,Pumzi,Ceil Briggs,Philosophy,4791,1972-12-09 00:51:37,1,6
567,7,"Cutter, The",Von Konzel,Romance,18746,1993-10-15 15:51:13,0,6
568,49,The Search for Santa Paws,Marcel Sinnett,Philosophy,849,1997-11-27 19:05:45,0,16
569,23,Rent: Filmed Live on Broadway,Selig Leatherbarrow,Science fiction,6768,1983-12-27 01:37:28,0,3
570,22,Nadja,Jaquenetta Friese,Science fiction,10876,1991-08-27 07:47:39,0,18
571,34,"Harvest Month, The (Elokuu)",Aurel Keems,Fantasy,10388,2009-11-18 19:31:03,0,27
572,16,Let Me In,Hill Riggulsford,Classic,10126,2005-04-11 15:51:30,1,9
573,22,"Piano Teacher, The (La pianiste)",Regine Ronchetti,Science fiction,13940,1982-05-28 23:02:10,1,19
574,28,Everybody Dies But Me,Jakie Huie,Fantasy,18996,2020-06-06 07:25:56,1,18
575,41,Somebody to Love,Meaghan Pepye,Humor,4488,2006-05-14 13:09:27,1,15
576,8,That's Life,Twyla Teaz,Thriller,5732,2010-04-28 07:31:57,1,2
577,41,John Wick,Jakie Huie,Romance,7337,1979-08-13 02:34:19,0,2
578,31,Something in the Air (Apres Mai),Allyn Kersting,Science fiction,9587,1993-01-19 07:41:17,1,9
579,13,The Police Serve the Citizens?,Amalie Sket,History,6401,2001-04-18 15:48:31,1,10
580,18,Dead in the Water,Aurel Keems,Fairytale,17775,1980-02-05 10:26:12,0,23
581,5,"Company Men, The",Merl Halsey,Classic,14622,2013-09-16 18:45:36,0,5
582,17,My Mother Likes Women (A mi madre le gustan las mujeres),Buckie Lonnon,Classic,15344,1974-05-03 22:25:18,1,12
583,37,Merrily We Live,Tiphanie Giraudel,Horror,1780,1992-07-12 20:59:53,0,22
584,14,After the Reconciliation (Après la réconciliation),Twyla Teaz,Young adult,6835,1991-07-29 04:33:29,1,17
585,39,Little Fugitive,Josias Kissack,Crime,6673,2020-11-12 20:13:47,1,5
586,12,Fitzwilly,Myrlene Bamfield,Mystery,13824,2012-05-18 23:01:53,1,3
587,34,Plans for Tomorrow (Planes para mañana),Coriss Maillard,Drama,1975,1972-05-22 13:04:40,1,17
588,45,Day Is Done,Jaquenetta Friese,Humor,5647,2009-07-21 17:52:29,1,29
589,46,Bowling for Columbine,Desirae Goodrum,Classic,2310,2009-03-15 05:45:40,1,4
590,44,Jewel Robbery,Regine Ronchetti,Thriller,11351,2012-05-29 12:36:58,1,11
591,38,Countdown,Merl Halsey,Mystery,14486,2011-04-07 15:34:10,1,25
592,25,I'm Going Home (Je rentre à la maison),Jerrilee Edwicke,Science fiction,11342,1975-05-29 11:16:09,0,14
593,30,City of Fear,Rogerio Klageman,Science fiction,10643,2001-02-21 02:24:59,0,22
594,9,Buried Alive,Kerianne Stoter,Horror,11362,2008-04-02 16:13:25,1,12
595,42,Wayne's World 2,Vivie Absalom,Satire,5823,1977-07-05 01:14:45,1,23
596,11,Armored,Orel Alenikov,Thriller,10407,1994-10-06 20:24:03,1,28
597,31,Horror Express,Aurel Keems,Thriller,7166,1982-02-22 08:45:59,0,14
598,33,Paradise Lost 3: Purgatory,Myrlene Bamfield,Young adult,16074,1986-04-11 10:01:55,1,30
599,45,In the Company of Men,Isabel Fausch,Drama,18855,2012-04-05 16:21:12,0,9
600,40,Pleasures of the Flesh (Etsuraku),Desirae Goodrum,Humor,17565,1990-04-03 12:48:44,0,18
601,37,"Bucket of Blood, A (Dark Secrets) (Death Artist, The)",Candie Backhurst,Drama,10670,1997-08-22 19:56:04,0,14
602,49,Silver Streak,Delila Plues,Satire,9000,1991-04-09 14:50:47,0,4
603,27,Ask Me Anything,Vivia Gannon,Horror,4346,2003-02-04 09:55:25,1,23
604,7,Pentimento,Nathanael Pettecrew,Humor,11544,2000-03-10 03:57:11,1,13
605,27,35 Shots of Rum (35 rhums),Karola Nevins,Thriller,7443,1990-11-25 00:12:28,0,10
606,30,Bass Ackwards,Meaghan Pepye,Fairytale,13472,2008-01-15 13:30:13,0,2
607,22,"End of the Line, The",Regine Ronchetti,Thriller,11457,2006-05-23 07:51:49,0,27
608,27,Serial Killer Culture,Karola Nevins,Action(adventure),1453,2020-09-28 00:36:53,1,22
609,35,After the Rehearsal (Efter repetitionen),Crysta Garretts,Crime,12364,1980-08-30 22:05:28,1,12
610,37,3 Ninjas Kick Back,Jyoti Steaning,Science fiction,4001,1979-09-20 08:48:31,0,22
611,41,Link,Nathanael Pettecrew,Fairytale,2643,1972-04-19 08:49:31,1,18
612,29,Turbo: A Power Rangers Movie,Everard Aasaf,Mystery,15131,1985-12-27 12:57:07,0,19
613,19,Dragon Ball Z: Bio-Broly (Doragon bôru Z 11: Sûpâ senshi gekiha! Katsu no wa ore da),Karola Nevins,Philosophy,2872,2011-01-09 07:34:25,1,25
614,1,Lilla Jönssonligan och Cornflakeskuppen,Jerrilee Edwicke,Humor,7106,1980-10-24 11:44:34,0,17
615,35,Guinea Pig: Flowers of Flesh and Blood (Za ginipiggu 2: Chiniku no hana),Cass Chatburn,Mystery,3128,1983-03-30 02:30:13,0,26
616,12,Vampires Suck,Marcel Sinnett,Science fiction,15079,2017-09-19 05:00:21,1,24
617,4,After School Midnighters (Hôkago middonaitâzu),Regine Ronchetti,Fantasy,18747,1980-10-21 02:39:17,0,6
618,35,"Turn of the Screw, The",Nathanael Pettecrew,Young adult,5496,2019-12-02 12:09:34,1,24
619,3,Children Underground,Drucy Adan,Classic,9503,1996-10-01 13:57:50,0,17
620,30,First Shot,Everard Aasaf,Romance,1338,1985-09-28 16:19:47,1,9
621,16,Upperworld,Kerianne Stoter,Fairytale,18530,2013-05-06 08:02:38,1,1
622,18,"Big Steal, The",Chico Hark,Crime,14394,2010-04-12 21:35:48,0,13
623,39,The Last Train through Harecastle Tunnel,Allyn Kersting,Satire,7133,2019-12-10 20:52:51,0,7
624,35,California Solo,Kerianne Stoter,Humor,16785,2017-08-24 20:03:37,1,5
625,34,Starry starry night (Xing kong),Orel Alenikov,Poetry,19417,1973-06-05 11:47:57,0,25
626,39,"Same River Twice, The",Chico Hark,Action(adventure),3519,2020-03-25 11:56:15,1,8
627,48,Angel Dog,Astra Cocozza,Science fiction,19399,1981-04-03 13:48:29,1,3
628,38,"Adventures of Sharkboy and Lavagirl 3-D, The",Von Konzel,Humor,6989,2010-03-19 07:50:24,1,28
629,30,Moonwalker,Marcel Sinnett,Young adult,3718,1994-04-03 04:16:41,1,10
630,15,Two Moon Junction,Iggie Gellately,Fairytale,11912,1994-01-25 14:50:23,0,27
631,38,Children of the Night,Merl Halsey,Poetry,13355,1985-05-14 21:09:14,1,16
632,38,"Apparition, The",Morganica Whitehorn,Mystery,14392,2006-12-10 23:42:52,0,1
633,36,Piranha (Piranha 3D),Britteny Gurr,Satire,10445,1988-10-27 13:28:03,0,12
634,21,Ride Along,Hill Riggulsford,Fairytale,16078,1999-02-15 12:19:56,0,7
635,27,Batman Forever,Astra Cocozza,Satire,18263,1991-01-12 19:26:29,1,8
636,41,"Swan Princess: Escape from Castle Mountain, The",Drucy Adan,Young adult,1812,2011-10-23 06:22:32,1,15
637,7,Take Out,Kissee O'Scanlon,Satire,10556,2002-12-30 08:37:18,0,15
638,14,We Need a Vacation (Fais-moi des vacances),Morganica Whitehorn,Mystery,7065,1994-01-18 13:35:03,0,18
639,19,"Limey, The",Hill Riggulsford,Satire,4861,2019-02-05 17:09:10,0,26
640,27,Youth of the Beast (Yaju no seishun),Vivia Gannon,History,15145,2002-12-26 07:34:21,1,9
641,33,Days Of Darkness,Cass Chatburn,Classic,6017,2002-06-21 00:27:23,1,23
642,5,Thelma & Louise,Morganica Whitehorn,Thriller,5297,1999-08-29 15:29:59,0,25
643,27,Pan Tadeusz: The Last Foray in Lithuania (Pan Tadeusz),Joel Gossage,Poetry,15068,1978-01-31 15:09:59,0,23
644,36,Distance,Crysta Garretts,Mystery,8235,2010-04-19 05:02:12,1,26
645,25,Megaforce,Melonie Di Biagi,Science fiction,17118,1987-04-26 00:51:40,0,29
646,35,Populaire,Jaquenetta Friese,Satire,13559,1975-06-06 06:04:17,0,15
647,6,Room at the Top,Frannie Whitehouse,Crime,16503,1971-11-23 18:38:48,1,24
648,50,God's Gun,Orel Alenikov,Philosophy,2446,1990-04-16 18:51:23,1,19
649,21,Me and My Sister,Tiphanie Giraudel,Action(adventure),15918,2013-04-24 14:23:31,0,23
650,11,12 Rounds,Buckie Lonnon,Thriller,4519,2008-07-27 17:33:23,0,17
651,13,Flash Gordon's Trip to Mars,Orel Alenikov,Young adult,6026,1991-03-09 13:35:18,0,25
652,50,Shrink,Merl Halsey,Satire,11380,1972-12-07 08:57:07,1,25
653,5,Kate & Leopold,Romona Stitfall,Mystery,3455,2003-06-17 01:19:11,0,9
654,15,The Inner Circle,Mariejeanne Lanfer,History,12526,2000-04-06 01:09:17,0,26
655,37,Chopper,Crysta Garretts,Thriller,15105,1976-08-11 02:08:34,0,28
656,34,White Night (Hvid nat),Josias Kissack,Thriller,11986,2008-09-26 22:03:03,0,14
657,3,"Outlaw Josey Wales, The",Sonny McVitie,Mystery,2270,1992-05-11 20:25:45,1,14
658,35,Grayeagle,Aurel Keems,Science fiction,19237,2009-07-08 01:58:19,0,16
659,7,Four Flies on Grey Velvet,Jyoti Steaning,Mystery,15248,1992-08-16 02:10:09,0,17
660,8,Taipei Exchanges (Di 36 ge gu shi),Auroora Peters,Crime,16461,2001-11-30 00:57:50,1,10
661,36,"Theory of Everything, The",Nathanael Pettecrew,Poetry,4734,1985-03-11 00:36:12,1,3
662,15,King of Hearts,Marcel Sinnett,Satire,9985,1994-06-13 19:50:40,0,23
663,34,Shit Year,Cassandry Osgordby,Thriller,1182,2013-03-29 01:27:16,0,13
664,9,Middle Men,Clo Rosnau,Drama,18361,2013-02-10 16:06:09,0,13
665,40,Return to Oz,Jerrilee Edwicke,Poetry,12774,1972-10-24 22:10:38,1,12
666,46,May in the Summer,Jyoti Steaning,Philosophy,14154,1990-05-20 00:54:52,1,26
667,12,Dream (Bi-mong),Kissee O'Scanlon,Philosophy,16369,2004-12-14 03:18:09,0,13
668,17,Quo Vadis,Astra Cocozza,Humor,2825,1998-11-18 20:21:20,1,17
669,19,Mystery Team,Nathanael Pettecrew,Science fiction,13374,1975-07-04 17:17:33,0,2
670,39,Get Him to the Greek,Cristen Manby,Philosophy,4333,1992-06-18 05:43:07,1,10
671,21,"Offence, The",Julianna Leuty,History,2498,1989-06-15 18:53:09,0,28
672,30,"Yellow Handkerchief, The",Desirae Goodrum,Satire,19861,1973-04-27 02:02:56,0,9
673,22,Anzio,Von Konzel,Fantasy,14064,2004-06-29 21:53:06,1,9
674,36,Cuban Fury,Marcel Sinnett,Crime,3716,1991-08-25 23:30:26,1,19
675,42,Red Lights,Amalie Sket,Horror,8743,2015-07-15 09:57:57,0,20
676,14,Smoke Signals,Waldemar Milbourne,Thriller,8265,1978-01-18 02:24:47,1,16
677,13,"Shrink Is In, The",Sonny McVitie,Humor,19053,1988-06-08 22:45:28,1,24
678,35,"Perfect Human, The (Perfekte Menneske, Det)",Ceil Briggs,Drama,16060,2013-05-15 11:38:39,1,1
679,43,Hammer of the Gods,Auroora Peters,Humor,835,1975-03-09 03:43:24,1,19
680,41,"Three Marias, The (Três Marias, As)",Nathanael Pettecrew,Mystery,12965,2020-03-15 04:45:57,0,4
681,38,Fausto 5.0,Hill Riggulsford,Poetry,11325,1977-11-25 01:57:28,0,15
682,47,Fanny,Aurel Keems,Philosophy,15894,1982-11-28 13:55:52,0,11
683,1,Week-End in Havana,Coriss Maillard,Action(adventure),4234,2016-12-11 12:19:17,0,10
684,33,Brigham Young,Vivie Absalom,Mystery,5429,1999-06-03 15:34:13,0,26
685,37,Nordkraft,Yasmeen Di Dello,Humor,5835,1975-12-17 00:50:25,0,20
686,16,Blood of Dracula,Isabel Fausch,Horror,12704,1974-08-27 12:30:23,0,23
687,36,"Sleepy Time Gal, The",Amalie Sket,Classic,17455,2009-09-22 05:28:20,0,25
688,42,Evan Almighty,Merl Halsey,Philosophy,8890,1972-12-18 05:21:22,0,10
689,14,"Undefeated, The",Mariejeanne Lanfer,Action(adventure),10853,1976-05-31 02:54:59,1,30
690,5,Eye See You (D-Tox),Josias Kissack,Crime,1919,1989-09-24 03:46:01,0,4
691,49,Secret Reunion (Ui-hyeong-je),Morganica Whitehorn,Humor,17419,1972-08-15 00:05:16,1,12
692,20,Museum Hours,Romona Stitfall,Humor,15229,1978-07-12 22:49:07,1,27
693,36,Bully,Jaquenetta Friese,Action(adventure),9004,1990-06-12 02:22:19,1,26
694,35,Geek Charming,Myrlene Bamfield,Poetry,14153,2010-02-03 12:36:18,1,25
695,30,Crocodile Dundee,Clement Gobeau,Classic,14352,1993-10-21 03:03:03,0,14
696,26,Doctor Dolittle,Harriott Enderby,Thriller,6390,2006-01-05 00:01:18,0,20
697,22,Fans,Tiphanie Giraudel,Satire,12971,1972-02-29 15:43:05,1,24
698,13,Two Cents Worth of Hope (Due soldi di speranza),Ceil Briggs,Poetry,2846,2013-07-17 15:23:50,0,8
699,1,"Maradona, the Hand of God (Maradona, la mano di Dio)",Cassandry Osgordby,Philosophy,15475,2011-12-26 05:04:37,1,16
700,17,Casablanca,Clement Gobeau,Young adult,6919,1973-12-12 11:57:43,0,9
701,26,"Road to Ruin, The",Bartlet Gleadle,Thriller,2397,2018-03-25 21:53:24,1,4
702,32,"Earth Trembles, The (Terra trema: Episodio del mare, La)",Crysta Garretts,Romance,16647,1983-09-08 23:37:23,0,22
703,16,Foreign Letters,Aubrette Budge,Action(adventure),5105,2002-02-09 12:27:06,0,24
704,6,Billy the Kid vs. Dracula,Desirae Goodrum,Drama,4440,1984-01-11 17:31:00,0,5
705,15,"Last Seven, The",Yehudi Carlucci,Romance,1035,2006-03-17 21:18:33,0,12
706,5,Young People Fucking (a.k.a. YPF),Karola Nevins,Fantasy,11264,2020-06-07 02:33:25,1,20
707,43,Clockstoppers,Jyoti Steaning,Satire,11068,1986-02-05 08:15:22,0,9
708,2,Comes a Horseman,Merl Halsey,Philosophy,19898,1975-03-30 23:49:52,0,19
709,8,Desert Bloom,Chico Hark,Science fiction,11780,2018-12-01 12:15:32,0,24
710,9,School For Scoundrels,Tiphanie Giraudel,Crime,5758,1975-11-26 17:31:31,1,25
711,15,"Streetcar Named Desire, A",Drucy Adan,Thriller,10569,1979-05-07 04:05:06,0,15
712,12,"Last Hurrah, The",Hill Riggulsford,Romance,4717,2016-04-18 09:20:01,0,4
713,38,"Lawnmower Man, The",Delila Plues,Fairytale,13784,2018-05-21 02:54:53,1,11
714,4,The Butterfly Effect 2,Buckie Lonnon,Romance,1956,2015-11-11 03:27:57,1,4
715,5,Solo Sunny,Meaghan Pepye,Crime,3702,2019-02-02 03:52:31,0,26
716,29,"Noah's Arc Principle, The (Arche Noah Prinzip, Das)",Allyn Kersting,Mystery,548,1971-02-23 22:14:23,0,23
717,30,Jubilee,Morganica Whitehorn,Satire,14876,2012-04-15 04:14:21,0,20
718,49,Lackawanna Blues,Gilbert Odd,History,13138,1978-04-04 03:23:30,0,9
719,38,"Brotherhood of the Wolf (Pacte des loups, Le)",Hill Riggulsford,Humor,7984,2017-06-18 16:04:36,0,2
720,47,Futureworld,Isabel Fausch,Crime,16781,1989-01-07 00:36:51,1,25
721,20,Hidden Agenda,Astra Cocozza,Thriller,16222,2002-11-30 17:18:51,1,1
722,37,"Fourth World War, The",Clo Rosnau,Horror,17756,2007-08-24 15:05:27,1,21
723,18,"Red Bear, A (Un oso rojo)",Iggie Gellately,Philosophy,4554,2018-06-04 07:33:34,0,12
724,50,Revenge of the Nerds IV: Nerds in Love,Delila Plues,Romance,649,1983-02-22 17:17:30,0,4
725,30,Voodoo Tiger,Tiphanie Giraudel,Fairytale,5652,1980-01-04 11:44:17,1,23
726,38,"Prey, The (La proie)",Hill Riggulsford,Classic,4358,2000-08-14 07:12:49,0,26
727,23,Bye Bye Brazil (Bye Bye Brasil),Reeta Skahill,Romance,15359,1973-04-06 21:55:30,1,23
728,30,Coherence,Delila Plues,Thriller,9610,2016-03-21 22:59:56,0,13
729,12,"Revenant, The",Kerianne Stoter,Fairytale,1257,2005-11-15 06:43:44,0,6
730,1,Home of the Brave,Melonie Di Biagi,History,14841,1975-11-09 15:00:36,0,6
731,49,Teen Witch,Kerianne Stoter,Young adult,14820,2001-02-09 08:55:46,1,21
732,33,The Sky Dragon,Jyoti Steaning,Young adult,8302,1994-09-26 20:09:59,1,19
733,12,Handle with Care (a.k.a. Citizen's Band),Melonie Di Biagi,Science fiction,6877,1975-07-19 15:50:12,0,21
734,2,King Solomon's Mines,Melonie Di Biagi,Mystery,5647,1988-06-15 09:21:19,1,24
735,10,Kronos,Vivie Absalom,Satire,5401,1993-01-08 21:41:35,0,16
736,1,My Name Is Nobody (Il Mio nome è Nessuno),Clement Gobeau,Fantasy,2617,1979-09-04 14:11:48,1,29
737,46,Jungle2Jungle (a.k.a. Jungle 2 Jungle),Clement Gobeau,Romance,16892,1976-08-25 16:52:47,0,12
738,41,National Lampoon's Lady Killers (National Lampoon's Gold Diggers),Buckie Lonnon,Young adult,18600,1979-08-06 20:13:54,0,29
739,10,"Imaginarium of Doctor Parnassus, The",Joel Gossage,Drama,7163,1990-05-15 06:35:50,0,30
740,17,Firecreek,Jerrilee Edwicke,Thriller,14107,2011-03-05 02:31:41,1,18
741,22,Such Is Life (Así es la vida...),Rogerio Klageman,Drama,12880,2000-05-24 13:49:26,0,18
742,10,Don,Kissee O'Scanlon,Satire,4293,1976-05-06 14:55:27,0,25
743,33,Rush: Beyond the Lighted Stage,Orel Alenikov,Humor,5472,2008-09-25 03:39:10,1,4
744,31,Nanking,Cassandry Osgordby,Science fiction,3907,2019-03-29 17:42:56,0,20
745,42,Memorial Day,Twyla Teaz,Fairytale,18716,2010-02-25 08:29:26,1,28
746,7,Around the Bend,Merl Halsey,Fantasy,4805,2014-09-27 10:43:32,1,13
747,12,Slap Shot,Desirae Goodrum,Humor,1420,1971-08-20 10:52:57,1,24
748,48,Pierrot le fou,Nathanael Pettecrew,Fairytale,19487,2002-12-16 06:30:05,0,22
749,16,Canadian Bacon,Melinde Michelmore,Classic,16495,2003-04-16 01:42:51,0,8
750,23,Nicht alle waren Mörder,Rogerio Klageman,Romance,10933,1987-02-08 10:46:46,1,15
751,43,Stealth,Vivie Absalom,Poetry,13314,1995-04-24 01:24:42,0,1
752,44,"Texas Chainsaw Massacre, The",Crysta Garretts,Philosophy,1499,1971-11-10 04:59:08,1,7
753,46,Highlander: The Search for Vengeance,Aurel Keems,History,5758,2016-10-24 14:11:58,1,25
754,48,Twin Falls Idaho,Crysta Garretts,Fantasy,19748,1979-02-11 15:52:50,0,8
755,39,"All Blossoms Again: Pedro Costa, Director (Tout refleurit: Pedro Costa, cinéaste)",Nikoletta Grimster,Poetry,3009,1991-02-24 16:13:44,1,19
756,17,Americathon,Vivie Absalom,Action(adventure),18698,1972-02-29 19:01:06,1,29
757,20,Concussion,Orel Alenikov,Romance,13501,2014-06-18 19:02:06,0,22
758,43,Kevin Smith: Burn in Hell,Regine Ronchetti,Philosophy,8762,2006-09-08 05:03:00,1,20
759,17,George & A.J.,Astra Cocozza,Satire,2812,2001-09-09 21:11:44,1,13
760,50,Invaders from Space,Frannie Whitehouse,Action(adventure),11037,2004-11-01 17:42:59,0,8
761,37,"Cow, The (Gaav)",Von Konzel,Crime,9322,1996-09-09 11:13:37,0,5
762,20,Almighty Thor,Britteny Gurr,Romance,4275,1979-08-04 11:05:05,0,15
763,21,12:08 East of Bucharest (A fost sau n-a fost?),Melonie Di Biagi,Classic,3406,1974-11-23 10:49:46,1,8
764,29,Spring Break Shark Attack,Orel Alenikov,Thriller,19377,1974-02-03 08:06:07,0,25
765,14,"Masquerade (Gwanghai, Wangyidoen namja)",Jakie Huie,Young adult,5173,1985-01-12 20:14:12,1,29
766,29,Evil - In the Time of Heroes (To kako - Stin epohi ton iroon),Desirae Goodrum,Satire,4658,2010-05-17 23:02:35,0,19
767,40,A Viking Saga: The Darkest Day,Coriss Maillard,Poetry,2678,2003-01-28 02:20:03,0,2
768,6,"Other Side of Heaven, The",Jakie Huie,Horror,2939,1976-02-17 19:50:38,1,22
769,25,From Hell,Sonny McVitie,Drama,13653,1996-06-24 17:39:52,1,17
770,19,Born to Win,Kissee O'Scanlon,Action(adventure),16950,1976-08-13 09:49:53,0,13
771,17,"Beauty and the Beast (Belle et la bête, La)",Meaghan Pepye,Fairytale,2758,1993-06-14 03:27:10,0,9
772,34,Holiday,Crysta Garretts,Fantasy,12999,1975-07-31 02:09:05,1,17
773,26,Nanayo (Nanayomachi),Cristen Manby,Poetry,13270,1974-02-08 05:47:26,0,27
774,13,Rush: Beyond the Lighted Stage,Cass Chatburn,Horror,11847,1975-09-08 08:17:47,1,11
775,21,"Call, The",Nikoletta Grimster,Classic,7470,2007-10-15 10:51:25,0,29
776,1,Summer School,Aurel Keems,Fantasy,19171,2014-05-06 13:20:59,1,30
777,19,Wild Tales,Melonie Di Biagi,Drama,18263,1997-12-30 00:59:02,0,19
778,45,Society,Coriss Maillard,Classic,6244,2004-07-09 19:59:32,1,8
779,35,"Act of Seeing with One's Own Eyes, The ",Auroora Peters,Poetry,11984,1989-09-13 01:42:32,1,4
780,36,Prizzi's Honor,Frannie Whitehouse,Crime,5710,1986-12-12 12:20:34,1,18
781,41,Howard the Duck,Joel Gossage,Fairytale,18510,2001-07-02 00:41:08,0,26
782,32,Splinterheads,Meaghan Pepye,Young adult,7191,2007-11-28 07:08:11,0,20
783,20,Story of My Death,Nikoletta Grimster,Classic,16759,1972-06-18 02:22:58,0,23
784,26,Mass Transit,Melonie Di Biagi,Horror,16802,1990-01-31 01:17:40,0,10
785,22,Fled,Astra Cocozza,Science fiction,13721,1975-06-28 08:22:13,1,15
786,38,Someone's Gaze,Drucy Adan,Crime,19775,1992-01-15 02:02:07,1,8
787,48,Julie & Julia,Joel Gossage,Young adult,6767,2011-09-02 03:36:02,0,16
788,29,Employee of the Month,Julianna Leuty,Drama,13703,1983-10-28 17:31:19,1,22
789,6,Dolan's Cadillac,Clo Rosnau,Science fiction,16370,2011-10-09 18:33:32,1,13
790,30,Whistling in the Dark,Yehudi Carlucci,Romance,18721,1997-01-23 18:42:14,0,10
791,20,Amazing Grace and Chuck,Clo Rosnau,Crime,19194,1996-06-20 04:20:49,1,25
792,16,Five,Bartlet Gleadle,Drama,4895,2012-04-06 11:00:41,1,7
793,3,"Color of Pomegranates, The (Sayat Nova)",Delila Plues,Drama,18978,1991-06-26 14:05:07,1,12
794,40,Friday the 13th Part 3: 3D,Regine Ronchetti,Poetry,10705,1976-02-17 01:24:02,1,25
795,26,Ismael,Sonny McVitie,Young adult,14380,1972-05-27 00:58:34,0,29
796,44,California Conquest,Buckie Lonnon,Fantasy,19665,2010-03-19 13:00:02,0,30
797,50,Attack of the 50 Ft. Woman,Melonie Di Biagi,Young adult,3783,1975-12-02 22:38:08,0,16
798,31,Ro.Go.Pa.G.,Harriott Enderby,Fantasy,5805,1990-07-09 02:15:45,0,17
799,10,Eros (Men and Women) (Noite Vazia),Everard Aasaf,Young adult,5350,2019-04-18 03:29:35,1,8
800,43,Plutonium Circus,Selig Leatherbarrow,Romance,12808,1996-10-01 18:02:37,0,15
801,17,What Will You Do When You Catch Me? (Co mi zrobisz jak mnie zlapiesz?),Kerianne Stoter,Fairytale,8534,2002-08-29 04:30:57,0,15
802,31,10 Years,Rogerio Klageman,Fantasy,18754,1979-12-29 00:51:39,1,5
803,2,"Not on Your Life (Verdugo, El) (Executioner, The)",Orel Alenikov,Young adult,7904,1976-04-16 06:28:47,1,9
804,37,Maniac,Amalie Sket,Humor,8508,2002-06-28 22:16:50,0,12
805,48,"Devil's Carnival, The",Frannie Whitehouse,Classic,14538,2014-10-04 15:57:08,0,3
806,1,Charlotte's Web,Meaghan Pepye,Philosophy,12427,1971-09-27 16:15:02,1,21
807,18,Getting Any? (Minnâ-yatteruka!),Everard Aasaf,Thriller,3748,1988-03-19 17:24:59,1,14
808,2,"Factory, The",Meaghan Pepye,History,3720,2007-10-11 04:08:33,1,25
809,3,Wonderland,Aurel Keems,Philosophy,14842,1981-10-15 07:11:16,1,1
810,47,"New Age, The",Joel Gossage,Horror,9057,2018-11-26 08:29:58,1,2
811,15,The Man From The Alamo,Von Konzel,Mystery,5984,1972-08-07 13:57:08,1,25
812,7,"Purple Ball, The (Lilovyy shar)",Marcel Sinnett,Satire,5339,1996-08-12 20:03:39,1,8
813,48,Get to Know Your Rabbit,Julianna Leuty,Satire,12640,2017-11-12 07:59:49,1,24
814,22,Gummo,Cassandry Osgordby,Drama,2512,1974-12-13 07:25:15,0,19
815,1,Children (Börn),Orel Alenikov,Crime,6219,1976-01-22 19:02:34,1,13
816,41,Father and Son (Otets i syn),Von Konzel,Philosophy,9946,1998-11-07 16:07:08,0,9
817,28,"Adventures of Tintin, The",Sonny McVitie,Action(adventure),10889,2006-12-23 04:34:46,1,17
818,50,Blame it on Fidel! (La faute à Fidel!),Clo Rosnau,Satire,13529,2015-04-25 22:10:54,0,25
819,11,Once Upon a Time in Shanghai,Kissee O'Scanlon,Fairytale,7382,1971-07-18 08:39:52,1,24
820,40,"Patch of Blue, A",Cass Chatburn,Fantasy,3357,1971-08-18 11:28:09,1,1
821,43,Flandres (Flanders),Morganica Whitehorn,Fantasy,13776,1999-06-18 05:07:14,1,27
822,44,Fletch,Auroora Peters,Classic,710,2004-05-21 04:11:23,0,11
823,2,Romance on the High Seas,Josias Kissack,Philosophy,3978,2017-10-06 09:41:19,0,19
824,7,The Righteous Thief,Jakie Huie,Philosophy,12953,2010-06-23 10:45:02,1,11
825,6,"Dark, The",Julianna Leuty,Fairytale,10041,1983-05-03 17:19:32,1,23
826,49,This American Journey,Mariejeanne Lanfer,Philosophy,7732,2019-03-07 20:21:19,1,26
827,7,Bleak Moments,Josias Kissack,Poetry,4674,2010-04-08 22:39:18,0,5
828,3,Fear City: A Family-Style Comedy (La cité de la peur),Desirae Goodrum,Poetry,1940,2017-12-31 11:53:28,0,7
829,1,"Autobiography of Miss Jane Pittman, The",Auroora Peters,Fantasy,3854,1999-06-15 01:01:09,0,5
830,49,Escape Fire: The Fight to Rescue American Healthcare,Lira Metts,Drama,17822,2019-02-07 07:44:57,0,20
831,18,"Brotherhood of Justice, The",Selig Leatherbarrow,Thriller,5594,2001-08-28 18:35:17,0,14
832,27,"Honest Liar, An",Melinde Michelmore,Young adult,9253,2002-11-18 18:16:39,0,11
833,37,Meat Love,Britteny Gurr,Drama,12589,1986-12-01 11:34:54,0,2
834,34,"Tale of the Wind, A (Histoire de vent, Une)",Melinde Michelmore,Philosophy,10465,2015-04-05 12:13:42,1,15
835,38,Me and You and Everyone We Know,Sonny McVitie,Humor,6310,2013-01-06 16:09:09,0,14
836,49,Chainsaw Maid,Yasmeen Di Dello,Drama,18313,2019-01-08 18:58:09,1,13
837,25,"Bizarre, Bizarre (Drôle de drame ou L'étrange aventure de Docteur Molyneux)",Josias Kissack,Satire,13313,1981-08-10 04:56:46,1,24
838,20,Air Bud: Golden Receiver,Julianna Leuty,Satire,16091,2004-09-27 20:12:28,0,22
839,12,"Room for Romeo Brass, A",Allyn Kersting,Philosophy,16848,1993-04-09 15:29:03,1,7
840,21,Heartburn,Cassandry Osgordby,Philosophy,11110,1975-09-26 07:42:01,0,28
841,29,Blind Massage (Tui na),Jyoti Steaning,Action(adventure),4240,1983-03-07 16:11:10,1,21
842,50,"Secret Life of Words, The",Twyla Teaz,Classic,17615,2009-02-11 22:54:05,0,25
843,21,Darkman,Vivie Absalom,Philosophy,12812,2009-07-09 10:27:33,0,14
844,38,"Circle, The (Dayereh)",Yasmeen Di Dello,Classic,9380,2012-10-29 02:23:36,1,5
845,8,Children (Börn),Cass Chatburn,Fairytale,10472,1985-10-25 01:29:02,1,3
846,26,Flight from Death: The Quest for Immortality,Iggie Gellately,Crime,18588,2011-01-13 01:56:07,0,25
847,32,Cambridge Spies,Jakie Huie,Thriller,1305,2008-12-20 23:50:46,1,1
848,46,Sleepers,Britteny Gurr,Romance,2830,1979-06-17 01:56:49,1,4
849,14,Battleship Potemkin,Clo Rosnau,History,7567,2016-08-06 13:17:31,0,20
850,21,"Buy the Ticket, Take the Ride: Hunter S. Thompson on Film",Morganica Whitehorn,Classic,3127,1975-11-08 11:11:07,1,30
851,34,Konopielka,Josias Kissack,Young adult,12367,2005-09-06 04:20:58,0,19
852,38,EDtv,Nikoletta Grimster,Classic,9444,2010-03-15 08:17:14,1,3
853,31,"Funny Thing Happened on the Way to the Forum, A",Jerrilee Edwicke,Satire,16906,2003-04-19 22:00:53,0,21
854,30,Chronos,Vivia Gannon,Satire,13646,2005-07-26 20:59:21,0,28
855,46,"Bang, Bang, You're Dead",Isabel Fausch,Thriller,18638,2018-05-09 12:19:46,1,24
856,33,Lorna,Everard Aasaf,Fantasy,5767,1990-08-11 14:02:02,0,2
857,6,"Legend of Zorro, The",Cristen Manby,Science fiction,8954,1986-05-04 10:01:01,0,11
858,20,"Life and Death of Peter Sellers, The",Vivia Gannon,Young adult,17257,1971-04-17 14:48:36,0,10
859,43,Cyborg,Kissee O'Scanlon,Science fiction,11506,2004-02-20 00:18:04,1,22
860,35,Rock of Ages,Morganica Whitehorn,Classic,5151,2006-03-02 08:01:40,0,29
861,17,"Legend of Leigh Bowery, The",Merl Halsey,Classic,7356,2005-03-16 11:47:08,0,21
862,27,Killing Us Softly 4: Advertising's Image of Women,Twyla Teaz,Horror,17988,1985-06-09 21:13:58,1,14
863,5,Guncrazy,Jerrilee Edwicke,Action(adventure),14074,1995-07-31 11:41:43,0,3
864,9,Blondes at Work,Karola Nevins,Thriller,7183,1992-10-19 15:40:24,0,8
865,30,Scandali nudi,Joel Gossage,Action(adventure),16168,1983-07-21 00:06:45,0,10
866,17,Fury,Josias Kissack,Romance,13812,2000-04-21 03:21:14,1,11
867,6,Posse,Iggie Gellately,Fantasy,9189,1986-12-20 08:19:12,0,5
868,43,"Reluctant Debutante, The",Melinde Michelmore,Poetry,6264,1974-11-08 01:36:43,1,21
869,16,Amen.,Hill Riggulsford,Drama,15735,2020-10-23 10:36:11,0,18
870,34,Don't Drink the Water,Yasmeen Di Dello,Classic,7886,2020-12-03 15:47:23,0,30
871,20,Rosemary's Baby,Romona Stitfall,Romance,5295,2003-11-04 21:01:33,0,22
872,3,Holokaustin värit,Meaghan Pepye,Horror,13969,1978-12-27 00:08:37,1,6
873,11,"SpongeBob SquarePants Movie, The",Jaquenetta Friese,Fantasy,13689,1999-02-11 22:25:35,0,14
874,47,"Elusive Summer of '68, The (Varljivo leto '68)",Josias Kissack,Fairytale,5394,1992-03-06 05:23:03,0,11
875,43,Cargo 200 (Gruz 200),Cass Chatburn,Humor,12416,1991-12-24 13:19:02,0,5
876,1,Devil's Pond,Frannie Whitehouse,Classic,18313,1978-05-16 19:52:04,1,19
877,9,Big Eyes,Hill Riggulsford,Classic,1245,2010-10-30 00:21:36,1,19
878,48,Genocide (Konchû daisensô),Orel Alenikov,Horror,10574,2007-12-08 07:49:47,0,9
879,2,Distant Thunder,Karola Nevins,Romance,11641,1998-05-01 04:02:37,1,17
880,5,Pretty Good for a Human (People Not as Bad as They Seem) (Aika hyvä ihmiseksi),Iggie Gellately,Fantasy,13639,1994-03-12 07:36:07,1,7
881,13,Raajneeti,Allyn Kersting,Romance,8486,1978-10-27 06:19:55,0,28
882,32,"Ice Storm, The",Melonie Di Biagi,Fantasy,18964,2017-12-24 17:31:41,1,11
883,21,Desert Blue,Amalie Sket,Fairytale,3312,2015-04-02 12:16:11,0,15
884,35,Zen,Drucy Adan,Fantasy,6500,1971-05-01 07:11:46,0,25
885,40,Crazy on the Outside,Morganica Whitehorn,Young adult,4578,2009-05-11 03:12:59,0,16
886,9,Roger Dodger,Crysta Garretts,Humor,14630,1984-10-02 03:28:20,0,22
887,10,Rize,Crysta Garretts,Poetry,6460,2017-10-21 06:16:35,0,26
888,23,Fat Man and Little Boy,Vivia Gannon,Young adult,3709,1986-10-23 03:49:45,0,29
889,43,The Fox and the Hound 2,Britteny Gurr,Fantasy,1831,2013-04-28 16:43:58,1,7
890,22,"Mummy's Tomb, The",Kissee O'Scanlon,Action(adventure),19270,1984-02-09 15:56:29,0,28
891,48,Cobb,Coriss Maillard,Classic,12666,1999-02-14 23:48:32,1,10
892,10,Lucky,Isabel Fausch,Thriller,5141,1989-02-07 00:01:15,0,27
893,15,Secret Sunshine (Milyang),Melinde Michelmore,Classic,4052,1995-08-09 17:31:34,0,7
894,45,Something Is Happening (Kuch Kuch Hota Hai),Orel Alenikov,Poetry,18627,1990-11-27 12:12:03,1,29
895,16,Il Mare (Siworae),Isabel Fausch,Humor,6014,1977-05-27 19:17:53,1,28
896,5,God Save the King,Cristen Manby,Thriller,2022,2006-01-14 03:46:48,0,19
897,13,Lovers of Hate,Bartlet Gleadle,History,12682,2000-05-29 04:56:35,1,20
898,38,Price Check,Cass Chatburn,Humor,5164,1988-10-10 07:29:03,0,24
899,43,"Where Angels Go, Trouble Follows",Nikoletta Grimster,Crime,19300,2003-03-26 16:15:31,0,19
900,2,Ilo Ilo,Aurel Keems,Thriller,2704,1977-02-13 08:15:28,1,17
901,14,Ossos,Hill Riggulsford,Drama,9047,1991-04-19 00:19:04,0,10
902,10,Rabbit à la Berlin (Królik po berlinsku),Frannie Whitehouse,Philosophy,13762,2016-11-03 07:40:05,1,3
903,49,Inherit the Wind,Sonny McVitie,Drama,18824,2009-09-17 02:26:30,1,29
904,35,Little Women,Crysta Garretts,Horror,19196,1976-11-17 19:22:20,0,7
905,18,Bloody New Year,Clo Rosnau,History,4190,1988-11-15 03:29:55,0,5
906,39,Mum & Dad,Iggie Gellately,Poetry,19521,1983-12-20 02:45:19,0,13
907,10,Suicide Room,Julianna Leuty,Mystery,5390,1983-11-13 03:51:36,0,8
908,48,Slumber Party Massacre II,Karola Nevins,Young adult,2529,1982-09-21 13:29:25,1,12
909,29,"Conversation, The",Frannie Whitehouse,History,19007,1982-12-15 18:38:21,0,22
910,34,Mr. 3000,Delila Plues,Mystery,8438,1991-08-09 02:55:33,1,19
911,27,"My Daughter, the Socialist (I kori mou, i sosialistria)",Jyoti Steaning,History,545,1995-05-31 03:23:32,1,15
912,27,Georg,Marcel Sinnett,Romance,10173,2001-12-16 00:32:38,0,12
913,9,The Legend of Awesomest Maximus,Cristen Manby,Horror,8154,2010-08-29 21:18:41,1,1
914,10,Hoop Realities,Gilbert Odd,Philosophy,7754,2003-07-29 22:24:52,1,3
915,42,As Far As My Feet Will Carry Me (So weit die Füße tragen),Selig Leatherbarrow,Classic,5179,2006-08-29 23:20:15,0,14
916,15,"Silver Stallion (Silver Brumpy, The)",Rogerio Klageman,History,7679,2003-10-30 17:51:32,1,13
917,24,"Pumpkin Eater, The",Nikoletta Grimster,Drama,16557,2019-05-05 11:34:10,1,11
918,19,6 Souls (Shelter),Auroora Peters,Horror,9647,2003-10-09 21:04:53,0,27
919,12,Who Wants to Kill Jessie? (Kdo chce zabít Jessii?),Frannie Whitehouse,Philosophy,2785,2017-07-04 05:34:32,0,16
920,11,"40-Year-Old Virgin, The",Jerrilee Edwicke,Fairytale,4847,2001-06-25 13:56:25,0,18
921,9,Half Light,Iggie Gellately,Science fiction,16436,1974-08-06 18:01:49,1,11
922,20,Arthur and the Revenge of Maltazard (Arthur et la vengeance de Maltazard),Jaquenetta Friese,Crime,10226,2017-01-14 03:42:03,1,23
923,21,Apocalypto,Hill Riggulsford,Science fiction,4417,2019-02-09 06:39:25,1,5
924,27,Gunfighters,Julianna Leuty,Fantasy,14624,2014-04-16 21:21:13,1,5
925,3,Jill the Ripper (Jill Rips),Drucy Adan,Young adult,2038,1979-05-04 14:57:23,0,4
926,22,I'm Going Home (Je rentre à la maison),Hill Riggulsford,Horror,12283,2005-04-12 23:19:37,1,19
927,20,"Three and Out (Deal Is a Deal, A)",Frannie Whitehouse,Mystery,18678,1994-08-01 21:28:34,0,18
928,3,Full Tilt Boogie,Correna Nollet,Fairytale,16426,1978-07-23 21:03:31,0,9
929,17,Private,Crysta Garretts,Satire,10807,2009-12-17 02:26:59,1,27
930,5,Blue Chips,Auroora Peters,History,2049,1981-07-04 17:33:09,1,22
931,27,Wayne's World,Regine Ronchetti,Humor,6495,1996-11-05 03:53:36,1,6
932,16,Cold Turkey,Ceil Briggs,Action(adventure),2401,2003-06-16 15:09:51,1,17
933,26,"Love, Marilyn",Marcel Sinnett,Romance,5369,1999-12-25 00:53:04,0,25
934,46,Barney's Version,Lira Metts,Classic,10757,2002-06-24 21:30:04,0,15
935,17,My Dear Secretary,Astra Cocozza,Crime,1660,2003-08-06 22:47:59,1,11
936,26,Fire-Eater (Tulennielijä),Allyn Kersting,Drama,11330,1986-09-01 18:45:50,1,13
937,20,Los Bandoleros,Mariejeanne Lanfer,Crime,4974,1992-10-31 21:12:11,1,7
938,8,Warm Water Under a Red Bridge (Akai hashi no shita no nurui mizu),Amalie Sket,Science fiction,7669,2006-04-17 06:17:13,1,15
939,9,Commando,Nikoletta Grimster,Crime,15034,1988-06-10 10:26:31,0,1
940,31,"Nada Gang, The (Nada)",Tiphanie Giraudel,Drama,8893,1991-10-16 20:53:39,0,27
941,48,"Passionate Friends, The (a.k.a. One Woman's Story)",Kerianne Stoter,Philosophy,2869,2001-07-12 19:03:26,1,14
942,34,Are We There Yet?,Julianna Leuty,Classic,17941,1990-09-18 05:57:33,0,6
943,5,Buster Keaton: A Hard Act to Follow,Crysta Garretts,Horror,18650,1999-12-01 22:27:27,1,27
944,48,De-Lovely,Drucy Adan,Fairytale,6650,1993-06-06 01:32:54,0,19
945,10,Bounce: Behind the Velvet Rope,Von Konzel,Science fiction,8257,1984-03-14 10:42:16,0,20
946,1,"White Massai, The (Weisse Massai, Die)",Rogerio Klageman,History,19007,1996-05-13 17:44:09,0,8
947,13,Judgement Day,Vivie Absalom,Fantasy,719,1985-06-30 14:57:58,1,14
948,5,Felicia's Journey,Lira Metts,Classic,13311,1994-07-10 06:23:20,1,24
949,50,Only When I Laugh,Jyoti Steaning,Action(adventure),19269,2015-07-09 01:10:47,0,4
950,44,"Boys, The (Pojat)",Kissee O'Scanlon,Mystery,11174,2005-12-16 01:22:55,0,12
951,9,Henry Fool,Vivie Absalom,Philosophy,9328,1984-05-26 09:46:09,1,14
952,1,Ice Age Columbus: Who Were the First Americans?,Twyla Teaz,Science fiction,8876,1975-04-25 06:46:52,1,19
953,35,Autumn Leaves,Allyn Kersting,Horror,11805,1998-11-16 06:50:48,1,30
954,16,April Story,Astra Cocozza,Thriller,10984,2016-03-08 08:06:29,0,11
955,19,"Spider Baby or, The Maddest Story Ever Told (Spider Baby)",Karola Nevins,Science fiction,13786,1983-10-06 11:17:29,0,4
956,23,"Tomb of Ligeia, The",Astra Cocozza,Classic,10581,1976-05-14 04:57:05,1,24
957,21,Gypsy 83,Rogerio Klageman,Fairytale,12122,2002-12-13 22:26:17,1,26
958,6,Middle of Nowhere,Julianna Leuty,Action(adventure),4635,2011-07-27 07:13:11,0,23
959,24,Séraphine,Twyla Teaz,Poetry,6160,2009-03-23 06:17:02,1,27
960,32,Very Good Girls,Mariejeanne Lanfer,Classic,12088,1973-02-20 07:38:56,0,9
961,38,Mighty Uke,Jakie Huie,Science fiction,4523,1989-08-11 12:49:44,1,14
962,26,Chouga (Shuga),Rogerio Klageman,Thriller,12054,1996-09-10 04:57:24,0,15
963,6,Super Rich: The Greed Game,Ceil Briggs,Drama,14372,2005-12-27 20:49:38,0,23
964,6,Bakhita,Auroora Peters,Fairytale,3735,1988-12-08 00:49:55,0,22
965,1,Bernice Bobs Her Hair,Iggie Gellately,Science fiction,9042,2018-04-28 11:50:49,0,25
966,1,Head in the Clouds,Chico Hark,Drama,17021,1986-07-29 05:13:04,0,11
967,50,"World, the Flesh and the Devil, The",Sonny McVitie,Satire,12470,2006-04-05 07:19:57,0,1
968,17,Firehouse Dog,Rogerio Klageman,Fairytale,13911,1989-04-23 08:35:55,0,4
969,30,Divorce Iranian Style,Mariejeanne Lanfer,Satire,3597,1983-12-30 12:33:39,1,9
970,11,Gojoe: Spirit War Chronicle (Gojo reisenki: Gojoe),Kissee O'Scanlon,Thriller,19445,1983-09-09 03:42:36,0,23
971,10,"Golden Christmas, A",Melinde Michelmore,Action(adventure),1646,1983-07-17 20:13:36,0,25
972,20,"Hills Have Eyes Part II, The",Kerianne Stoter,Classic,10074,1976-09-03 16:49:00,1,13
973,27,"Another Day, Another Time: Celebrating the Music of Inside Llewyn Davis",Hill Riggulsford,Fantasy,12104,2018-04-07 12:10:00,1,30
974,2,Fright Night,Frannie Whitehouse,Satire,10293,1980-02-02 03:48:40,0,27
975,49,Flesh and the Devil,Astra Cocozza,Classic,14597,1988-06-16 00:02:44,0,1
976,35,Cremaster 2,Vivia Gannon,Humor,13035,1993-05-29 19:37:33,0,23
977,35,National Velvet,Mariejeanne Lanfer,Satire,11349,2018-01-05 09:50:33,0,24
978,33,"Magdalene Sisters, The",Von Konzel,Crime,2581,1992-06-18 16:43:12,0,9
979,28,Stateside,Tiphanie Giraudel,Fantasy,5612,2005-10-13 06:32:42,0,22
980,39,Easier with Practice,Marcel Sinnett,Fairytale,16545,1979-05-26 07:10:47,0,1
981,29,Supermen of Malegaon,Amalie Sket,Science fiction,3689,1999-11-11 00:21:06,1,1
982,41,Killing Season,Candie Backhurst,Humor,5993,2000-04-30 21:11:13,0,24
983,21,Saving God,Meaghan Pepye,Mystery,11059,2006-02-11 13:35:14,0,11
984,26,"Man Who Laughs, The",Meaghan Pepye,Romance,2154,2008-11-13 00:36:59,1,21
985,47,Black Eagle,Mariejeanne Lanfer,History,19525,2015-01-12 03:55:07,0,11
986,18,"Devil's Backbone, The (Espinazo del diablo, El)",Frannie Whitehouse,Crime,3780,1990-04-29 14:28:55,0,12
987,13,"Bourne Legacy, The",Cristen Manby,Drama,11874,1971-08-02 01:14:37,0,13
988,12,"Red Elvis, The (Der rote Elvis)",Mariejeanne Lanfer,History,8211,2017-11-19 21:12:43,0,16
989,14,"Ballad of Cable Hogue, The",Chico Hark,Science fiction,6245,1984-10-21 10:38:47,1,2
990,4,Silent Running,Astra Cocozza,Action(adventure),18671,2000-11-10 09:09:44,1,21
991,17,Die Hard: With a Vengeance,Nikoletta Grimster,Poetry,15090,1989-07-14 07:27:16,1,1
992,11,Sometime in August (Mitte Ende August),Candie Backhurst,Thriller,1487,1978-01-03 12:19:34,0,18
993,22,Nosferatu the Vampyre (Nosferatu: Phantom der Nacht),Josias Kissack,History,9339,1994-09-25 15:34:17,1,5
994,27,"Ghost and Mrs. Muir, The",Candie Backhurst,Science fiction,13038,1979-04-14 19:16:42,0,19
995,19,Pumpkinhead II: Blood Wings,Mariejeanne Lanfer,Horror,9707,2001-08-14 18:50:41,1,3
996,50,This Time Around,Orel Alenikov,Fairytale,16045,2008-02-29 22:16:19,1,25
997,5,MirrorMask,Jakie Huie,Humor,10616,2009-08-31 17:05:03,1,17
998,45,Stage Struck,Everard Aasaf,Science fiction,13763,1986-03-10 14:46:55,0,11
999,4,Hitman (Contract Killer) (Sat sau ji wong),Delila Plues,Action(adventure),18135,1973-08-22 13:46:40,0,12
1000,35,In Old California,Clement Gobeau,Classic,1894,2016-02-17 04:16:07,0,3
